{"X": [32.5, 32.35, 32.199999999999996, 32.05, 31.9, 31.749999999999996, 31.599999999999998, 31.449999999999996], "Y": [203.8, 205.0, 206.2, 207.39999999999998, 208.6, 209.79999999999998, 210.99999999999997, 212.19999999999996]}