{"X": [0.325, 0.3235, 0.32199999999999995, 0.32049999999999995, 0.319, 0.31749999999999995, 0.316, 0.31449999999999995], "Y": [2.0380000000000003, 2.05, 2.062, 2.074, 2.086, 2.098, 2.11, 2.1219999999999994]}