{"X": [3.25, 3.2350000000000003, 3.2199999999999998, 3.2049999999999996, 3.19, 3.175, 3.1599999999999997, 3.1449999999999996], "Y": [20.380000000000003, 20.5, 20.619999999999997, 20.74, 20.86, 20.979999999999997, 21.099999999999998, 21.219999999999995]}