{"X": [-31.35, -31.359265949400147, -31.38706077709687, -31.433375422563614, -31.498194788204557, -31.581497744276085, -31.68325713577466, -31.803439791288746, -31.942006533812027, -32.09891219351424, -32.27410562246565, -32.46752971131011, -32.679121407881574, -32.908811737757745, -33.15652582674428, -33.422182925282186, -33.705696434770466, -34.00697393579549, -34.32591721825768, -34.662422313386024, -35.0163795276296, -35.38767347841541, -35.77618313176071, -36.181781841727414, -36.6043373917061, -37.043712037515746, -37.499762552305526, -37.97234027324362, -38.461291149978194, -38.96645579485468, -39.48766953487255, -40.0247624653655, -40.577559505386496, -41.14588045478078, -41.72954005292702, -42.32834803912851, -42.94210921463417, -43.57062350626908, -44.21368603165428, -44.87108716599386, -45.54261261040853, -46.228043461792225, -46.92715628417001, -47.63972318153363, -48.365511872130476, -49.1042857641829, -49.85580403301177, -50.61982169954057, -51.39608971015312, -52.18435501787991, -52.984360664886175, -53.79584586623445, -54.61854609489528, -55.452193167977114, -56.296515334148566, -57.151237362223355, -58.01608063087994, -58.89076321948633, -59.77499999999999, -60.66850272991385, -61.570980146216925, -62.48213806034029, -63.40167945405602, -64.32930457629897, -65.2647110408794, -66.20759392505428, -67.15764586892588, -68.11455717563432, -69.07801591231255, -70.04770801176957, -71.02331737486979, -72.00452597357489, -72.99101395461379, -73.98245974374858, -74.97854015060044, -75.97893047400329, -76.98330460784919, -77.99133514739215, -79.00269349597535, -80.01704997214632, -81.03407391712656, -82.0534338025989, -83.07479733877909, -84.09783158273501, -85.12220304691901, -86.14757780787814, -87.17362161510569, -88.20000000000002], "Y": [96.99999999999999, 95.98355139719341, 94.96743413515458, 93.95197944664096, 92.93751834842531, 91.92438153339072, 90.91289926273208, 89.90340125829769, 88.89621659510706, 87.89167359407934, 86.8900997150075, 85.89182144981368, 84.89716421611932, 83.90645225116633, 82.92000850612214, 81.93815454080483, 80.96121041886128, 79.98949460343303, 79.02332385334432, 78.06301311984512, 77.1088754439439, 76.16122185436281, 75.22036126614873, 74.28660037997378, 73.36024358215708, 72.44159284544156, 71.53094763055685, 70.62860478860178, 69.73485846427701, 68.84999999999997, 67.97431784093368, 67.10809744095936, 66.25162116962485, 65.40516822009786, 64.56901451815497, 63.74343263223576, 62.928691684590994, 62.125057263554794, 61.33279133696812, 60.55215216678311, 59.78339422487482, 59.02676811008904, 58.28252046655226, 57.5508939032708, 56.83212691504559, 56.12645380472772, 55.434104606840826, 54.75530501259453, 54.090276296314045, 53.43923524330931, 52.80239407920753, 52.17996040077225, 51.572137108231026, 50.97912233913439, 50.40110940376705, 49.83828672213296, 49.29083776253433, 48.75894098176471, 48.24276976693611, 47.74249237895816, 47.258271897688914, 46.79026616877397, 46.33862775219236, 45.903503872525114, 45.4850363709631, 45.083361659069965, 44.69861067431463, 44.33090883738866, 43.98037601132159, 43.64712646240821, 43.33126882296016, 43.032906055894045, 42.75213542116774, 42.48904844407568, 42.24373088541356, 42.01626271352212, 41.80671807821914, 41.61516528662824, 41.441666780912065, 41.286279117917616, 41.14905295073977, 41.03003301220955, 40.929258100312104, 40.84676106553942, 40.78256880018172, 40.73670222956118, 40.7091763052107, 40.699999999999996]}