{"X": [-3.1350000000000002, -3.1359265949400146, -3.138706077709687, -3.1433375422563614, -3.1498194788204557, -3.1581497744276086, -3.168325713577466, -3.1803439791288746, -3.194200653381203, -3.209891219351424, -3.2274105622465648, -3.2467529711310106, -3.2679121407881575, -3.2908811737757744, -3.315652582674428, -3.3422182925282184, -3.3705696434770465, -3.4006973935795495, -3.432591721825768, -3.4662422313386023, -3.50163795276296, -3.538767347841541, -3.577618313176071, -3.6181781841727414, -3.6604337391706103, -3.704371203751575, -3.7499762552305524, -3.797234027324362, -3.8461291149978196, -3.896645579485468, -3.9487669534872554, -4.00247624653655, -4.05775595053865, -4.114588045478078, -4.172954005292702, -4.2328348039128505, -4.294210921463417, -4.357062350626908, -4.421368603165428, -4.487108716599386, -4.554261261040853, -4.6228043461792225, -4.692715628417001, -4.763972318153363, -4.836551187213048, -4.91042857641829, -4.985580403301177, -5.0619821699540575, -5.139608971015312, -5.218435501787991, -5.298436066488618, -5.379584586623445, -5.461854609489528, -5.545219316797711, -5.629651533414856, -5.715123736222336, -5.801608063087994, -5.889076321948633, -5.977499999999999, -6.066850272991385, -6.157098014621693, -6.248213806034029, -6.340167945405602, -6.4329304576298965, -6.526471104087941, -6.620759392505429, -6.715764586892588, -6.811455717563431, -6.907801591231255, -7.004770801176957, -7.102331737486979, -7.200452597357488, -7.2991013954613795, -7.398245974374857, -7.497854015060044, -7.597893047400329, -7.698330460784919, -7.799133514739215, -7.900269349597535, -8.001704997214633, -8.103407391712656, -8.20534338025989, -8.307479733877909, -8.409783158273502, -8.512220304691901, -8.614757780787814, -8.717362161510568, -8.820000000000002], "Y": [9.7, 9.598355139719342, 9.496743413515457, 9.395197944664096, 9.293751834842531, 9.192438153339072, 9.091289926273209, 8.99034012582977, 8.889621659510706, 8.789167359407934, 8.689009971500749, 8.589182144981368, 8.489716421611933, 8.390645225116632, 8.292000850612215, 8.193815454080482, 8.096121041886128, 7.998949460343303, 7.902332385334432, 7.806301311984512, 7.7108875443943905, 7.61612218543628, 7.522036126614873, 7.4286600379973775, 7.336024358215708, 7.244159284544156, 7.153094763055686, 7.062860478860178, 6.973485846427701, 6.884999999999996, 6.797431784093368, 6.710809744095935, 6.6251621169624855, 6.540516822009787, 6.456901451815497, 6.374343263223576, 6.2928691684591, 6.212505726355479, 6.133279133696812, 6.055215216678311, 5.9783394224874815, 5.902676811008904, 5.828252046655226, 5.75508939032708, 5.6832126915045595, 5.612645380472772, 5.543410460684083, 5.4755305012594535, 5.409027629631405, 5.343923524330931, 5.280239407920753, 5.217996040077225, 5.157213710823102, 5.097912233913439, 5.040110940376705, 4.9838286722132965, 4.929083776253433, 4.875894098176471, 4.824276976693611, 4.774249237895816, 4.725827189768891, 4.679026616877397, 4.633862775219236, 4.590350387252512, 4.54850363709631, 4.5083361659069965, 4.469861067431463, 4.433090883738866, 4.398037601132159, 4.364712646240821, 4.333126882296016, 4.303290605589405, 4.2752135421167745, 4.248904844407567, 4.224373088541356, 4.201626271352212, 4.1806718078219145, 4.161516528662824, 4.1441666780912065, 4.128627911791762, 4.114905295073977, 4.103003301220955, 4.09292581003121, 4.084676106553942, 4.078256880018172, 4.073670222956118, 4.07091763052107, 4.069999999999999]}