{"X": [-0.31349999999999995, -0.31362064373679077, -0.31398250863777255, -0.3145853958112195, -0.31542897389238667, -0.3165127792256387, -0.31783621611928814, -0.319398557173006, -0.321198943677622, -0.3232363860870971, -0.32550976456240704, -0.32801782958703996, -0.33075920265376707, -0.33373237702231195, -0.3369357185474993, -0.34036746657743044, -0.344025734921189, -0.3479085128855488, -0.35201366638011033, -0.35633893909025965, -0.3608819537173074, -0.36564021328512153, -0.3706111025125411, -0.37579188925081164, -0.38117972598525623, -0.3867716514003537, -0.3925645920073667, -0.39855536383362117, -0.40474067417251425, -0.4111171233932829, -0.41768120680954224, -0.4244293166055663, -0.4313577438192494, -0.43846268038066405, -0.44574022120508855, -0.4531863663393578, -0.4607970231603572, -0.4685680086244499, -0.4764950515666017, -0.48457379504794135, -0.49279979875046365, -0.5011685414175604, -0.5096754233390377, -0.5183157688792528, -0.5270848290469844, -0.5359777841056187, -0.5449897462222197, -0.5541157621540289, -0.5633508159709139, -0.5726898318122738, -0.5821276766768824, -0.59165916324414, -0.6012790527251778, -0.6109820577422538, -0.6207628452348506, -0.6306160393908873, -0.6405362246014241, -0.6505179484372424, -0.6605557246456626, -0.6706440361659518, -0.6807773381616654, -0.6909500610682522, -0.7011566136542559, -0.71139138609442, -0.7216487530530167, -0.7319230767756966, -0.7422087101881688, -0.7525000000000002], "Y": [0.8459999999999998, 0.8357087101881686, 0.8254230767756963, 0.815148753053016, 0.8048913860944198, 0.7946566136542557, 0.784450061068252, 0.7742773381616652, 0.764144036165952, 0.7540557246456623, 0.7440179484372422, 0.7340362246014238, 0.7241160393908872, 0.7142628452348504, 0.7044820577422536, 0.6947790527251776, 0.6851591632441398, 0.6756276766768822, 0.6661898318122736, 0.656850815970914, 0.6476157621540287, 0.6384897462222195, 0.6294777841056185, 0.6205848290469843, 0.6118157688792526, 0.6031754233390374, 0.5946685414175602, 0.5862997987504636, 0.5780737950479411, 0.5699950515666015, 0.5620680086244498, 0.554297023160357, 0.5466863663393576, 0.5392402212050884, 0.531962680380664, 0.5248577438192492, 0.5179293166055662, 0.511181206809542, 0.5046171233932827, 0.4982406741725141, 0.4920553638336211, 0.48606459200736657, 0.48027165140035366, 0.47467972598525604, 0.46929188925081156, 0.46411110251254095, 0.45914021328512145, 0.45438195371730733, 0.44983893909025974, 0.4455136663801102, 0.4414085128855488, 0.4375257349211889, 0.4338674665774303, 0.4304357185474993, 0.42723237702231187, 0.42425920265376704, 0.42151782958703987, 0.41900976456240707, 0.416736386087097, 0.414698943677622, 0.41289855717300605, 0.41133621611928817, 0.41001277922563867, 0.4089289738923867, 0.4080853958112195, 0.4074825086377726, 0.40712064373679074, 0.407]}