{"X": [0.31349999999999995, 0.3135974576271186, 0.3136949152542372, 0.31379237288135586, 0.3138898305084745, 0.3139872881355932, 0.31408474576271184, 0.31418220338983044, 0.3142796610169491, 0.31437711864406775, 0.31447457627118636, 0.314572033898305, 0.3146694915254237, 0.31476694915254233, 0.314864406779661, 0.3149618644067796, 0.31505932203389825, 0.3151567796610169, 0.3152542372881355, 0.31535169491525417, 0.3154491525423728, 0.3155466101694915, 0.31564406779661014, 0.31574152542372874, 0.3158389830508474, 0.31593644067796606, 0.3160338983050847, 0.3161313559322034, 0.31622881355932203, 0.31632627118644063, 0.3164237288135593, 0.3165211864406779, 0.31661864406779655, 0.3167161016949152, 0.31681355932203387, 0.3169110169491525, 0.3170084745762712, 0.3171059322033898, 0.31720338983050844, 0.31730084745762704, 0.3173983050847457, 0.31749576271186436, 0.317593220338983, 0.3176906779661017, 0.31778813559322033, 0.31788559322033894, 0.3179830508474576, 0.3180805084745762, 0.31817796610169485, 0.3182754237288135, 0.31837288135593217, 0.3184703389830508, 0.3185677966101695, 0.3186652542372881, 0.31876271186440674, 0.3188601694915254, 0.31895762711864406, 0.3190550847457627, 0.3191525423728813, 0.31925, 0.31934745762711864, 0.31944491525423724, 0.3195423728813559, 0.31963983050847455, 0.3197372881355932, 0.31983474576271187, 0.31993220338983047, 0.3200296610169491, 0.32012711864406773, 0.3202245762711864, 0.32032203389830505, 0.3204194915254237, 0.32051694915254236, 0.32061440677966097, 0.3207118644067796, 0.3208093220338983, 0.32090677966101694, 0.3210042372881356, 0.3211016949152542, 0.32119915254237286, 0.3212966101694915, 0.32139406779661017, 0.32149152542372883, 0.3215889830508475, 0.32168644067796603, 0.3217838983050847, 0.32188135593220335, 0.321978813559322, 0.32207627118644067, 0.32217372881355927, 0.3222711864406779, 0.3223686440677966, 0.32246610169491524, 0.3225635593220339, 0.3226610169491525, 0.32275847457627116, 0.3228559322033898, 0.3229533898305085, 0.32305084745762713, 0.3231483050847458, 0.3232457627118644, 0.32334322033898305, 0.3234406779661017, 0.32353813559322037, 0.323635593220339, 0.32373305084745757, 0.32383050847457623, 0.3239279661016949, 0.32402542372881354, 0.3241228813559322, 0.3242203389830508, 0.32431779661016946, 0.3244152542372881, 0.3245127118644068, 0.32461016949152544, 0.3247076271186441, 0.3248050847457627, 0.32490254237288135, 0.325], "Y": [0.846, 0.8561016949152541, 0.8662033898305084, 0.8763050847457626, 0.8864067796610169, 0.896508474576271, 0.9066101694915254, 0.9167118644067795, 0.9268135593220339, 0.936915254237288, 0.9470169491525424, 0.9571186440677966, 0.9672203389830508, 0.9773220338983051, 0.9874237288135592, 0.9975254237288135, 1.0076271186440677, 1.017728813559322, 1.0278305084745762, 1.0379322033898304, 1.0480338983050848, 1.058135593220339, 1.068237288135593, 1.0783389830508474, 1.0884406779661016, 1.098542372881356, 1.10864406779661, 1.1187457627118644, 1.1288474576271186, 1.1389491525423727, 1.149050847457627, 1.1591525423728815, 1.1692542372881356, 1.1793559322033897, 1.1894576271186441, 1.1995593220338983, 1.2096610169491526, 1.2197627118644068, 1.229864406779661, 1.2399661016949153, 1.2500677966101694, 1.2601694915254236, 1.270271186440678, 1.280372881355932, 1.2904745762711862, 1.3005762711864406, 1.310677966101695, 1.3207796610169493, 1.3308813559322032, 1.3409830508474576, 1.351084745762712, 1.361186440677966, 1.3712881355932203, 1.3813898305084746, 1.3914915254237288, 1.4015932203389831, 1.4116949152542373, 1.4217966101694914, 1.4318983050847458, 1.442, 1.452101694915254, 1.4622033898305085, 1.4723050847457626, 1.4824067796610167, 1.4925084745762711, 1.5026101694915253, 1.5127118644067798, 1.5228135593220338, 1.5329152542372881, 1.5430169491525425, 1.5531186440677964, 1.5632203389830508, 1.5733220338983052, 1.583423728813559, 1.5935254237288137, 1.6036271186440678, 1.6137288135593222, 1.6238305084745763, 1.6339322033898305, 1.6440338983050848, 1.654135593220339, 1.6642372881355931, 1.6743389830508475, 1.6844406779661016, 1.6945423728813558, 1.7046440677966104, 1.7147457627118643, 1.7248474576271187, 1.734949152542373, 1.745050847457627, 1.7551525423728813, 1.7652542372881357, 1.7753559322033896, 1.7854576271186442, 1.7955593220338983, 1.8056610169491527, 1.8157627118644069, 1.825864406779661, 1.8359661016949154, 1.8460677966101695, 1.8561694915254237, 1.866271186440678, 1.8763728813559322, 1.8864745762711863, 1.896576271186441, 1.9066779661016948, 1.9167796610169492, 1.9268813559322036, 1.9369830508474575, 1.9470847457627118, 1.9571864406779662, 1.9672881355932201, 1.9773898305084745, 1.9874915254237289, 1.9975932203389828, 2.0076949152542376, 2.0177966101694915, 2.027898305084746, 2.0380000000000003]}