{"X": [31.35, 31.360952380952384, 31.371904761904762, 31.382857142857144, 31.393809523809526, 31.404761904761905, 31.415714285714287, 31.42666666666667, 31.437619047619048, 31.44857142857143, 31.459523809523812, 31.47047619047619, 31.481428571428573, 31.492380952380955, 31.503333333333334, 31.514285714285716, 31.525238095238098, 31.536190476190477, 31.54714285714286, 31.558095238095238, 31.56904761904762, 31.580000000000002, 31.59095238095238, 31.601904761904763, 31.612857142857145, 31.623809523809523, 31.634761904761906, 31.645714285714288, 31.656666666666666, 31.66761904761905, 31.67857142857143, 31.68952380952381, 31.70047619047619, 31.711428571428574, 31.722380952380952, 31.733333333333334, 31.744285714285716, 31.755238095238095, 31.766190476190477, 31.77714285714286, 31.788095238095238, 31.79904761904762, 31.810000000000002, 31.82095238095238, 31.831904761904763, 31.842857142857145, 31.853809523809524, 31.864761904761906, 31.875714285714288, 31.886666666666667, 31.89761904761905, 31.90857142857143, 31.91952380952381, 31.930476190476192, 31.941428571428574, 31.952380952380953, 31.963333333333335, 31.974285714285713, 31.985238095238095, 31.996190476190478, 32.00714285714286, 32.01809523809524, 32.02904761904762, 32.04, 32.05095238095238, 32.06190476190476, 32.072857142857146, 32.08380952380953, 32.0947619047619, 32.105714285714285, 32.11666666666667, 32.12761904761905, 32.13857142857143, 32.14952380952381, 32.16047619047619, 32.17142857142857, 32.18238095238095, 32.193333333333335, 32.20428571428572, 32.21523809523809, 32.226190476190474, 32.23714285714286, 32.24809523809524, 32.25904761904762, 32.27, 32.28095238095238, 32.29190476190476, 32.30285714285714, 32.313809523809525, 32.32476190476191, 32.33571428571429, 32.346666666666664, 32.357619047619046, 32.36857142857143, 32.37952380952381, 32.39047619047619, 32.401428571428575, 32.41238095238095, 32.42333333333333, 32.434285714285714, 32.445238095238096, 32.45619047619048, 32.46714285714286, 32.478095238095236, 32.48904761904762, 32.5], "Y": [97.0, 98.01714285714286, 99.03428571428572, 100.05142857142857, 101.06857142857143, 102.08571428571429, 103.10285714285715, 104.12, 105.13714285714286, 106.15428571428572, 107.17142857142858, 108.18857142857144, 109.2057142857143, 110.22285714285715, 111.24000000000001, 112.25714285714287, 113.27428571428572, 114.29142857142858, 115.30857142857144, 116.3257142857143, 117.34285714285716, 118.36, 119.37714285714286, 120.39428571428572, 121.41142857142857, 122.42857142857143, 123.44571428571429, 124.46285714285715, 125.48, 126.49714285714286, 127.51428571428572, 128.5314285714286, 129.54857142857145, 130.5657142857143, 131.58285714285716, 132.60000000000002, 133.61714285714288, 134.63428571428574, 135.6514285714286, 136.66857142857145, 137.6857142857143, 138.70285714285714, 139.72, 140.73714285714286, 141.75428571428571, 142.77142857142857, 143.78857142857143, 144.8057142857143, 145.82285714285715, 146.84, 147.85714285714286, 148.87428571428572, 149.89142857142858, 150.90857142857143, 151.9257142857143, 152.94285714285715, 153.96, 154.97714285714287, 155.99428571428572, 157.01142857142858, 158.02857142857144, 159.0457142857143, 160.06285714285715, 161.08, 162.09714285714287, 163.11428571428573, 164.1314285714286, 165.14857142857144, 166.1657142857143, 167.18285714285716, 168.20000000000002, 169.21714285714287, 170.23428571428573, 171.2514285714286, 172.26857142857145, 173.2857142857143, 174.30285714285716, 175.32000000000002, 176.33714285714288, 177.35428571428574, 178.3714285714286, 179.38857142857142, 180.40571428571428, 181.42285714285714, 182.44, 183.45714285714286, 184.4742857142857, 185.49142857142857, 186.50857142857143, 187.5257142857143, 188.54285714285714, 189.56, 190.57714285714286, 191.59428571428572, 192.61142857142858, 193.62857142857143, 194.6457142857143, 195.66285714285715, 196.68, 197.69714285714286, 198.71428571428572, 199.73142857142858, 200.74857142857144, 201.7657142857143, 202.78285714285715, 203.8]}