{"X": [3.1350000000000002, 3.1360952380952383, 3.1371904761904763, 3.1382857142857143, 3.139380952380953, 3.1404761904761904, 3.141571428571429, 3.142666666666667, 3.143761904761905, 3.144857142857143, 3.145952380952381, 3.147047619047619, 3.148142857142857, 3.1492380952380956, 3.150333333333333, 3.1514285714285717, 3.1525238095238097, 3.1536190476190478, 3.154714285714286, 3.155809523809524, 3.156904761904762, 3.1580000000000004, 3.159095238095238, 3.1601904761904764, 3.1612857142857145, 3.1623809523809525, 3.1634761904761906, 3.1645714285714286, 3.1656666666666666, 3.1667619047619047, 3.167857142857143, 3.1689523809523807, 3.1700476190476192, 3.1711428571428573, 3.1722380952380953, 3.1733333333333333, 3.174428571428572, 3.1755238095238094, 3.176619047619048, 3.177714285714286, 3.178809523809524, 3.179904761904762, 3.181, 3.182095238095238, 3.183190476190476, 3.1842857142857146, 3.185380952380952, 3.1864761904761907, 3.1875714285714287, 3.1886666666666668, 3.189761904761905, 3.1908571428571433, 3.191952380952381, 3.1930476190476194, 3.1941428571428574, 3.1952380952380954, 3.1963333333333335, 3.1974285714285715, 3.1985238095238095, 3.1996190476190476, 3.200714285714286, 3.201809523809524, 3.2029047619047617, 3.2039999999999997, 3.205095238095238, 3.2061904761904763, 3.2072857142857147, 3.2083809523809528, 3.2094761904761904, 3.2105714285714284, 3.211666666666667, 3.212761904761905, 3.213857142857143, 3.2149523809523806, 3.216047619047619, 3.217142857142857, 3.218238095238095, 3.2193333333333336, 3.2204285714285716, 3.2215238095238092, 3.2226190476190473, 3.2237142857142858, 3.224809523809524, 3.2259047619047623, 3.2270000000000003, 3.228095238095238, 3.229190476190476, 3.2302857142857144, 3.2313809523809525, 3.2324761904761905, 3.233571428571429, 3.2346666666666666, 3.2357619047619046, 3.2368571428571427, 3.237952380952381, 3.239047619047619, 3.2401428571428577, 3.241238095238095, 3.2423333333333333, 3.2434285714285713, 3.24452380952381, 3.245619047619048, 3.246714285714286, 3.2478095238095235, 3.248904761904762, 3.25], "Y": [9.7, 9.801714285714286, 9.903428571428572, 10.005142857142857, 10.106857142857143, 10.208571428571428, 10.310285714285715, 10.412, 10.513714285714286, 10.615428571428572, 10.717142857142857, 10.818857142857144, 10.92057142857143, 11.022285714285715, 11.124, 11.225714285714286, 11.327428571428573, 11.429142857142859, 11.530857142857144, 11.63257142857143, 11.734285714285715, 11.836, 11.937714285714286, 12.039428571428571, 12.141142857142857, 12.242857142857144, 12.34457142857143, 12.446285714285715, 12.548, 12.649714285714285, 12.751428571428573, 12.85314285714286, 12.954857142857145, 13.05657142857143, 13.158285714285716, 13.260000000000002, 13.361714285714289, 13.463428571428574, 13.56514285714286, 13.666857142857145, 13.76857142857143, 13.870285714285714, 13.972, 14.073714285714285, 14.175428571428572, 14.277142857142858, 14.378857142857143, 14.480571428571428, 14.582285714285714, 14.684000000000001, 14.785714285714286, 14.887428571428572, 14.989142857142857, 15.090857142857143, 15.19257142857143, 15.294285714285715, 15.396, 15.497714285714286, 15.599428571428572, 15.701142857142859, 15.802857142857144, 15.90457142857143, 16.006285714285717, 16.108, 16.209714285714288, 16.31142857142857, 16.41314285714286, 16.514857142857146, 16.61657142857143, 16.718285714285717, 16.82, 16.921714285714287, 17.023428571428575, 17.12514285714286, 17.226857142857146, 17.32857142857143, 17.430285714285716, 17.532000000000004, 17.633714285714287, 17.735428571428574, 17.837142857142858, 17.93885714285714, 18.04057142857143, 18.142285714285713, 18.244, 18.345714285714287, 18.44742857142857, 18.549142857142858, 18.65085714285714, 18.75257142857143, 18.854285714285716, 18.956, 19.057714285714287, 19.15942857142857, 19.261142857142858, 19.362857142857145, 19.46457142857143, 19.566285714285716, 19.668, 19.769714285714286, 19.871428571428574, 19.973142857142857, 20.074857142857145, 20.176571428571428, 20.278285714285715, 20.380000000000003]}