{"X": [-231.0, -231.0, -231.0, -231.0, -231.0, -231.0, -231.0, -231.0, -231.0, -231.0, -231.0, -231.0, -231.0, -231.0, -231.0, -231.0, -231.0, -231.0, -231.0, -231.0, -231.0, -231.0, -231.0, -231.0, -231.0, -231.0, -231.0, -231.0, -231.0, -231.0, -231.0, -231.0, -231.0, -231.0, -231.0, -231.0, -231.0, -231.0, -231.0, -231.0, -231.0, -231.0, -231.0, -231.0, -231.0, -231.0, -231.0, -231.0, -231.0, -231.0, -231.0, -231.0, -231.0, -231.0, -231.0, -231.0, -231.0, -231.0, -231.0, -231.0, -231.0, -231.0, -231.0, -231.0, -231.0, -231.0, -231.0, -231.0, -231.0, -231.0, -231.0, -231.0, -231.0, -231.0, -231.0, -231.0, -231.0, -231.0, -231.0, -231.0, -231.0, -231.0, -231.0, -231.0, -231.0, -231.0, -231.0, -231.0, -231.0, -231.0, -231.0, -231.0, -231.0, -231.0, -231.0, -231.0, -231.0, -231.0, -231.0, -231.0, -231.0, -231.0, -231.0, -231.0, -231.0, -231.0, -231.0, -231.0, -231.0, -231.0, -231.0, -231.0, -231.0, -231.0, -231.0, -231.0, -231.0, -231.0, -231.0, -231.0, -231.0, -231.0, -231.0, -231.0, -231.0, -231.0, -231.0], "Y": [84.6, 85.6126984126984, 86.62539682539682, 87.63809523809523, 88.65079365079364, 89.66349206349206, 90.67619047619047, 91.68888888888888, 92.7015873015873, 93.71428571428571, 94.72698412698412, 95.73968253968253, 96.75238095238095, 97.76507936507936, 98.77777777777777, 99.79047619047618, 100.8031746031746, 101.81587301587301, 102.82857142857142, 103.84126984126983, 104.85396825396825, 105.86666666666666, 106.87936507936507, 107.89206349206349, 108.9047619047619, 109.91746031746031, 110.93015873015872, 111.94285714285714, 112.95555555555555, 113.96825396825396, 114.98095238095237, 115.99365079365079, 117.0063492063492, 118.01904761904761, 119.03174603174602, 120.04444444444444, 121.05714285714285, 122.06984126984126, 123.08253968253968, 124.09523809523809, 125.1079365079365, 126.12063492063491, 127.13333333333333, 128.14603174603172, 129.15873015873015, 130.17142857142858, 131.18412698412698, 132.19682539682537, 133.2095238095238, 134.22222222222223, 135.23492063492063, 136.24761904761903, 137.26031746031745, 138.27301587301588, 139.28571428571428, 140.29841269841268, 141.3111111111111, 142.32380952380953, 143.33650793650793, 144.34920634920633, 145.36190476190475, 146.37460317460318, 147.38730158730158, 148.39999999999998, 149.4126984126984, 150.42539682539683, 151.43809523809523, 152.45079365079363, 153.46349206349205, 154.47619047619048, 155.48888888888888, 156.50158730158728, 157.5142857142857, 158.52698412698413, 159.53968253968253, 160.55238095238093, 161.56507936507936, 162.57777777777778, 163.59047619047618, 164.60317460317458, 165.615873015873, 166.62857142857143, 167.64126984126983, 168.65396825396823, 169.66666666666666, 170.67936507936508, 171.69206349206348, 172.70476190476188, 173.7174603174603, 174.73015873015873, 175.74285714285713, 176.75555555555553, 177.76825396825396, 178.78095238095239, 179.79365079365078, 180.80634920634918, 181.8190476190476, 182.83174603174604, 183.84444444444443, 184.85714285714283, 185.86984126984126, 186.8825396825397, 187.89523809523808, 188.90793650793648, 189.9206349206349, 190.93333333333334, 191.94603174603174, 192.95873015873013, 193.97142857142856, 194.984126984127, 195.9968253968254, 197.00952380952378, 198.0222222222222, 199.03492063492064, 200.04761904761904, 201.06031746031744, 202.07301587301586, 203.0857142857143, 204.0984126984127, 205.1111111111111, 206.1238095238095, 207.13650793650794, 208.14920634920634, 209.16190476190474, 210.17460317460316, 211.1873015873016, 212.2]}