{"X": [14.66, 14.55549938779095, 14.451130844031955, 14.347026270264218, 14.243317234422227, 14.140134804557457, 14.037609383193836, 13.935870542524333, 13.835046860656892, 13.735265759116714, 13.636653341810245, 13.539334235654334, 13.443431433072078, 13.349066136554299, 13.25635760548318, 13.165423005411593, 13.076377259988629, 12.989332905718452, 12.904399949736064, 12.821685730779645, 12.741294783535302, 12.663328706525533, 12.587886033708457, 12.515062109950065], "Y": [4.069999999999999, 4.071857794107315, 4.077428828538819, 4.086706062590476, 4.099677771642723, 4.11632756197812, 4.136634391499814, 4.160572596324658, 4.188111923217373, 4.219217567824748, 4.253850218661572, 4.2919661067927155, 4.33351706114854, 4.378450569403771, 4.426709844342859, 4.478233895627976, 4.532957606878946, 4.590811817967676, 4.651723412423118, 4.715615409836259, 4.782407063148395, 4.852013960699699, 4.924348132909152, 4.999318163450981]}