{"X": [146.6, 145.57037037037037, 144.54074074074074, 143.51111111111112, 142.48148148148147, 141.45185185185184, 140.42222222222222, 139.3925925925926, 138.36296296296297, 137.33333333333331, 136.3037037037037, 135.27407407407406, 134.24444444444444, 133.21481481481482, 132.1851851851852, 131.15555555555557, 130.1259259259259, 129.0962962962963, 128.06666666666666, 127.03703703703704, 126.00740740740741, 124.97777777777777, 123.94814814814815, 122.91851851851851, 121.88888888888889, 120.85925925925926, 119.82962962962964, 118.8, 117.77037037037037, 116.74074074074073, 115.71111111111111, 114.68148148148148, 113.65185185185186, 112.62222222222222, 111.59259259259258, 110.56296296296296, 109.53333333333333, 108.5037037037037, 107.47407407407408, 106.44444444444444, 105.41481481481482, 104.38518518518518, 103.35555555555555, 102.32592592592593, 101.2962962962963, 100.26666666666667, 99.23703703703703, 98.2074074074074, 97.17777777777778, 96.14814814814815, 95.11851851851853, 94.08888888888889, 93.05925925925926, 92.02962962962962, 91.0], "Y": [40.699999999999996, 40.699999999999996, 40.699999999999996, 40.699999999999996, 40.699999999999996, 40.699999999999996, 40.699999999999996, 40.699999999999996, 40.699999999999996, 40.699999999999996, 40.699999999999996, 40.699999999999996, 40.699999999999996, 40.699999999999996, 40.699999999999996, 40.699999999999996, 40.699999999999996, 40.699999999999996, 40.699999999999996, 40.699999999999996, 40.699999999999996, 40.699999999999996, 40.699999999999996, 40.699999999999996, 40.699999999999996, 40.699999999999996, 40.699999999999996, 40.699999999999996, 40.699999999999996, 40.699999999999996, 40.699999999999996, 40.699999999999996, 40.699999999999996, 40.699999999999996, 40.699999999999996, 40.699999999999996, 40.699999999999996, 40.699999999999996, 40.699999999999996, 40.699999999999996, 40.699999999999996, 40.699999999999996, 40.699999999999996, 40.699999999999996, 40.699999999999996, 40.699999999999996, 40.699999999999996, 40.699999999999996, 40.699999999999996, 40.699999999999996, 40.699999999999996, 40.699999999999996, 40.699999999999996, 40.699999999999996, 40.699999999999996]}