{"X": [1.466, 1.455549938779095, 1.4451130844031954, 1.4347026270264218, 1.4243317234422228, 1.4140134804557456, 1.4037609383193836, 1.3935870542524333, 1.383504686065689, 1.3735265759116715, 1.3636653341810245, 1.3539334235654334, 1.3443431433072077, 1.33490661365543, 1.325635760548318, 1.3165423005411594, 1.307637725998863, 1.2989332905718454, 1.2904399949736063, 1.2821685730779646, 1.2741294783535302, 1.2663328706525534, 1.2587886033708457, 1.2515062109950066], "Y": [0.407, 0.4071857794107314, 0.40774288285388194, 0.4086706062590476, 0.4099677771642723, 0.41163275619781203, 0.4136634391499814, 0.41605725963246587, 0.4188111923217373, 0.4219217567824748, 0.42538502186615723, 0.4291966106792715, 0.433351706114854, 0.4378450569403771, 0.44267098443428593, 0.4478233895627976, 0.45329576068789457, 0.4590811817967676, 0.4651723412423118, 0.4715615409836259, 0.4782407063148395, 0.4852013960699699, 0.4924348132909152, 0.4999318163450981]}