{"X": [14.66, 14.557037037037038, 14.454074074074075, 14.351111111111113, 14.248148148148147, 14.145185185185184, 14.042222222222222, 13.93925925925926, 13.836296296296297, 13.73333333333333, 13.630370370370368, 13.527407407407406, 13.424444444444443, 13.32148148148148, 13.218518518518518, 13.115555555555556, 13.012592592592592, 12.90962962962963, 12.806666666666667, 12.703703703703704, 12.600740740740742, 12.497777777777777, 12.394814814814815, 12.29185185185185, 12.188888888888888, 12.085925925925926, 11.982962962962963, 11.879999999999999, 11.777037037037037, 11.674074074074074, 11.571111111111112, 11.468148148148149, 11.365185185185187, 11.262222222222222, 11.159259259259258, 11.056296296296296, 10.953333333333333, 10.85037037037037, 10.747407407407408, 10.644444444444444, 10.541481481481481, 10.438518518518517, 10.335555555555555, 10.232592592592592, 10.12962962962963, 10.026666666666667, 9.923703703703703, 9.82074074074074, 9.717777777777778, 9.614814814814816, 9.511851851851853, 9.408888888888889, 9.305925925925926, 9.202962962962962, 9.1], "Y": [4.069999999999999, 4.069999999999999, 4.069999999999999, 4.069999999999999, 4.069999999999999, 4.069999999999999, 4.069999999999999, 4.069999999999999, 4.069999999999999, 4.069999999999999, 4.069999999999999, 4.069999999999999, 4.069999999999999, 4.069999999999999, 4.069999999999999, 4.069999999999999, 4.069999999999999, 4.069999999999999, 4.069999999999999, 4.069999999999999, 4.069999999999999, 4.069999999999999, 4.069999999999999, 4.069999999999999, 4.069999999999999, 4.069999999999999, 4.069999999999999, 4.069999999999999, 4.069999999999999, 4.069999999999999, 4.069999999999999, 4.069999999999999, 4.069999999999999, 4.069999999999999, 4.069999999999999, 4.069999999999999, 4.069999999999999, 4.069999999999999, 4.069999999999999, 4.069999999999999, 4.069999999999999, 4.069999999999999, 4.069999999999999, 4.069999999999999, 4.069999999999999, 4.069999999999999, 4.069999999999999, 4.069999999999999, 4.069999999999999, 4.069999999999999, 4.069999999999999, 4.069999999999999, 4.069999999999999, 4.069999999999999, 4.069999999999999]}