{"X": [146.6, 145.5549938779095, 144.51130844031954, 143.47026270264217, 142.43317234422227, 141.40134804557457, 140.37609383193836, 139.35870542524333, 138.3504686065689, 137.35265759116714, 136.36653341810245, 135.39334235654334, 134.43431433072078, 133.490661365543, 132.5635760548318, 131.65423005411594, 130.7637725998863, 129.89332905718453, 129.04399949736063, 128.21685730779646, 127.41294783535302, 126.63328706525533, 125.87886033708457, 125.15062109950065], "Y": [40.699999999999996, 40.71857794107314, 40.774288285388195, 40.86706062590476, 40.99677771642723, 41.1632756197812, 41.36634391499814, 41.605725963246584, 41.88111923217373, 42.19217567824748, 42.53850218661572, 42.91966106792715, 43.3351706114854, 43.78450569403771, 44.267098443428594, 44.78233895627976, 45.32957606878946, 45.90811817967676, 46.51723412423118, 47.15615409836259, 47.82407063148395, 48.52013960699699, 49.24348132909152, 49.99318163450981]}