{"X": [1.466, 1.4557037037037037, 1.4454074074074075, 1.4351111111111112, 1.4248148148148148, 1.4145185185185185, 1.4042222222222223, 1.393925925925926, 1.3836296296296298, 1.373333333333333, 1.3630370370370368, 1.3527407407407406, 1.3424444444444443, 1.332148148148148, 1.3218518518518518, 1.3115555555555556, 1.3012592592592591, 1.2909629629629629, 1.2806666666666666, 1.2703703703703704, 1.2600740740740741, 1.2497777777777777, 1.2394814814814814, 1.2291851851851852, 1.218888888888889, 1.2085925925925927, 1.1982962962962964, 1.188, 1.1777037037037037, 1.1674074074074072, 1.157111111111111, 1.1468148148148147, 1.1365185185185185, 1.1262222222222222, 1.1159259259259258, 1.1056296296296295, 1.0953333333333333, 1.085037037037037, 1.0747407407407408, 1.0644444444444445, 1.0541481481481483, 1.0438518518518518, 1.0335555555555556, 1.0232592592592593, 1.012962962962963, 1.0026666666666666, 0.9923703703703702, 0.982074074074074, 0.9717777777777777, 0.9614814814814815, 0.9511851851851852, 0.9408888888888889, 0.9305925925925926, 0.9202962962962963, 0.91], "Y": [0.407, 0.407, 0.407, 0.407, 0.407, 0.407, 0.407, 0.407, 0.407, 0.407, 0.407, 0.407, 0.407, 0.407, 0.407, 0.407, 0.407, 0.407, 0.407, 0.407, 0.407, 0.407, 0.407, 0.407, 0.407, 0.407, 0.407, 0.407, 0.407, 0.407, 0.407, 0.407, 0.407, 0.407, 0.407, 0.407, 0.407, 0.407, 0.407, 0.407, 0.407, 0.407, 0.407, 0.407, 0.407, 0.407, 0.407, 0.407, 0.407, 0.407, 0.407, 0.407, 0.407, 0.407, 0.407]}