{"X": [1.8719999999999999, 1.8615897435897435, 1.851179487179487, 1.8407692307692307, 1.8303589743589743, 1.819948717948718, 1.8095384615384615, 1.799128205128205, 1.7887179487179485, 1.7783076923076921, 1.7678974358974358, 1.7574871794871794, 1.747076923076923, 1.7366666666666666, 1.7262564102564102, 1.7158461538461538, 1.7054358974358974, 1.695025641025641, 1.6846153846153846, 1.674205128205128, 1.6637948717948716, 1.6533846153846152, 1.6429743589743588, 1.6325641025641024, 1.622153846153846, 1.6117435897435897, 1.6013333333333333, 1.5909230769230769, 1.5805128205128205, 1.570102564102564, 1.5596923076923077, 1.5492820512820513, 1.5388717948717947, 1.5284615384615383, 1.518051282051282, 1.5076410256410255, 1.4972307692307691, 1.4868205128205128, 1.4764102564102564, 1.466], "Y": [0.40699999999999986, 0.40699999999999986, 0.40699999999999986, 0.40699999999999986, 0.40699999999999986, 0.40699999999999986, 0.40699999999999986, 0.40699999999999986, 0.40699999999999986, 0.40699999999999986, 0.40699999999999986, 0.40699999999999986, 0.40699999999999986, 0.40699999999999986, 0.40699999999999986, 0.40699999999999986, 0.40699999999999986, 0.40699999999999986, 0.40699999999999986, 0.40699999999999986, 0.407, 0.407, 0.407, 0.407, 0.407, 0.407, 0.407, 0.407, 0.407, 0.407, 0.407, 0.407, 0.407, 0.407, 0.407, 0.407, 0.407, 0.407, 0.407, 0.407]}