{"X": [187.2, 186.15897435897435, 185.1179487179487, 184.07692307692307, 183.03589743589743, 181.99487179487178, 180.95384615384614, 179.9128205128205, 178.87179487179486, 177.83076923076922, 176.78974358974358, 175.74871794871794, 174.7076923076923, 173.66666666666666, 172.62564102564102, 171.58461538461538, 170.54358974358973, 169.5025641025641, 168.46153846153845, 167.4205128205128, 166.37948717948717, 165.33846153846153, 164.2974358974359, 163.25641025641025, 162.2153846153846, 161.17435897435897, 160.13333333333333, 159.09230769230768, 158.05128205128204, 157.0102564102564, 155.96923076923076, 154.92820512820512, 153.88717948717948, 152.84615384615384, 151.8051282051282, 150.76410256410256, 149.72307692307692, 148.68205128205128, 147.64102564102564, 146.6], "Y": [40.69999999999999, 40.69999999999999, 40.69999999999999, 40.69999999999999, 40.69999999999999, 40.69999999999999, 40.69999999999999, 40.69999999999999, 40.69999999999999, 40.69999999999999, 40.69999999999999, 40.69999999999999, 40.69999999999999, 40.69999999999999, 40.69999999999999, 40.69999999999999, 40.69999999999999, 40.69999999999999, 40.69999999999999, 40.69999999999999, 40.699999999999996, 40.699999999999996, 40.699999999999996, 40.699999999999996, 40.699999999999996, 40.699999999999996, 40.699999999999996, 40.699999999999996, 40.699999999999996, 40.699999999999996, 40.699999999999996, 40.699999999999996, 40.699999999999996, 40.699999999999996, 40.699999999999996, 40.699999999999996, 40.699999999999996, 40.699999999999996, 40.699999999999996, 40.699999999999996]}