{"X": [18.72, 18.615897435897434, 18.51179487179487, 18.407692307692308, 18.303589743589743, 18.19948717948718, 18.095384615384614, 17.99128205128205, 17.887179487179488, 17.783076923076923, 17.678974358974358, 17.574871794871793, 17.47076923076923, 17.366666666666667, 17.262564102564102, 17.158461538461538, 17.054358974358973, 16.950256410256408, 16.846153846153847, 16.742051282051282, 16.637948717948717, 16.533846153846152, 16.429743589743588, 16.325641025641026, 16.22153846153846, 16.117435897435897, 16.013333333333332, 15.909230769230769, 15.805128205128204, 15.701025641025641, 15.596923076923076, 15.492820512820511, 15.388717948717948, 15.284615384615384, 15.18051282051282, 15.076410256410256, 14.972307692307691, 14.868205128205128, 14.764102564102563, 14.66], "Y": [4.0699999999999985, 4.0699999999999985, 4.0699999999999985, 4.0699999999999985, 4.0699999999999985, 4.0699999999999985, 4.0699999999999985, 4.0699999999999985, 4.0699999999999985, 4.0699999999999985, 4.0699999999999985, 4.0699999999999985, 4.0699999999999985, 4.0699999999999985, 4.0699999999999985, 4.0699999999999985, 4.0699999999999985, 4.0699999999999985, 4.0699999999999985, 4.0699999999999985, 4.069999999999999, 4.069999999999999, 4.069999999999999, 4.069999999999999, 4.069999999999999, 4.069999999999999, 4.069999999999999, 4.069999999999999, 4.069999999999999, 4.069999999999999, 4.069999999999999, 4.069999999999999, 4.069999999999999, 4.069999999999999, 4.069999999999999, 4.069999999999999, 4.069999999999999, 4.069999999999999, 4.069999999999999, 4.069999999999999]}