{"X": [231.1, 231.0948950509496, 231.07958139106512, 231.05406258187065, 231.01834455831934, 230.97243562741295, 230.91634646627014, 230.85009011964303, 230.77368199688354, 230.68713986835948, 230.5904838613217, 230.48373645522315, 230.36692247649069, 230.24006909275113, 230.10320580651296, 229.95636444830484, 229.79957916927262, 229.63288643323688, 229.45632500821233, 229.26993595739174, 229.07376262959548, 228.86785064918996, 228.65224790547677, 228.42700454155482, 228.1921729426586, 227.9478077239748, 227.69396571794036, 227.4307059610249, 227.15808968000042, 226.8761802777018, 226.58504331828095, 226.28474651195864, 225.97535969927682, 225.65695483485578, 225.32960597065954, 224.9933892387735, 224.64838283369807, 224.29466699416312, 223.93232398446665, 223.5614380753422, 223.1820955243602, 222.7943845558666, 222.39839534046473, 221.99421997404372, 221.58195245636006, 221.16168866917553, 220.73352635395818, 220.29756508915003, 219.8539062670083, 219.4026530700242, 218.94391044692577, 218.4777850882696, 218.00438540162776, 217.5238214863753, 217.036205108084, 216.54164967252925, 216.04027019931462, 215.53218329512205, 215.0175071265919, 214.49636139284127, 213.96886729762497, 213.4351475211471, 212.8953261915291, 212.34952885594114, 211.79788245140327, 211.24051527526342, 210.67755695535936, 210.10913841987053, 209.53539186686817, 208.95645073356965, 208.3724496653047, 207.7835244842009, 207.18981215759504, 206.59145076617867, 205.98857947188415, 205.3813384855198, 204.7698690341606, 204.1543133283029, 203.5348145287903, 202.91151671351835, 202.28456484392632, 201.65410473128296, 201.02028300277527, 200.3832470674069, 199.74314508171523, 199.10012591531398, 198.45433911627075, 197.80593487632623, 197.15506399596367, 196.50187784933723, 195.84652834906638, 195.18916791090558, 194.52994941829647, 193.86902618681162, 193.20655192849765, 192.54268071612609, 191.87756694736055, 191.21136530884806, 190.54423074024328, 189.87631839817422, 189.20778362015687, 188.53878188846818, 187.86946879398545, 187.2], "Y": [84.59999999999998, 83.28546218584172, 81.9712300959918, 80.65760938365547, 79.34490555984921, 78.03342392234683, 76.72346948467651, 75.41534690518264, 74.10936041617151, 72.80581375315492, 71.50501008421035, 70.2072519394725, 68.91284114077303, 67.62207873144592, 66.33526490631272, 65.05269894186625, 63.77467912666686, 62.50150269196943, 61.23346574259529, 59.9708631880671, 58.713988674020996, 57.46313451391273, 56.218591621034335, 54.98064944085533, 53.74959588370648, 52.52571725781943, 51.30929820274006, 50.100621623128816, 48.89996862296561, 47.70761844017275, 46.52384838167188, 45.34893375889076, 44.18314782373302, 43.02676170502807, 41.88004434547368, 40.743262439087985, 39.61668036918358, 38.50056014687974, 37.39516135016607, 36.300741063531646, 35.21755381817474, 34.14585153280609, 33.085883455059665, 32.03789610352449, 31.00213321041185, 29.978835664869585, 28.968241456958552, 27.97058562230243, 26.9861001874255, 26.015014115789427, 25.057553254543215, 24.11394028199735, 23.184394655835042, 22.269132562072848, 21.36836686478157, 20.482307056580495, 19.61115920991493, 18.75512592912996, 17.914406303350034, 17.0891958601768, 16.279686520214796, 15.486066552435972, 14.708520530393983, 13.947229289297255, 13.202369883952159, 12.474115547584802, 11.762635651552074, 11.06809566595048, 10.39065712113269, 9.730477570139996, 9.087710552059903, 8.462505556317481, 7.855007987908039, 7.265359133580418, 6.693696128977322, 6.1401519267417655, 5.604855265595745, 5.08793064039952, 4.589498273197535, 4.109674085258021, 3.6485696701133037, 3.20629226760596, 2.7829447389481743, 2.3786255427988436, 1.9934287123651728, 1.627443833532908, 1.2807560240314615, 0.9534459136377933, 0.6455896254241651, 0.357258758054229, 0.08852036913101813, -0.1605630403985714, -0.38993354077990716, -0.5995377869232925, -0.7893270308106679, -0.9592571328328745, -1.1092885720553767, -1.2393864554097291, -1.3495205258086145, -1.4396651691828595, -1.5097994204385543, -1.5599069683329105, -1.589976159267792, -1.6000000000000085]}