{"X": [231.1, 231.0925040951085, 231.07001894027871, 231.03255221417035, 230.98011671163607, 230.912730339352, 230.83041610970253, 230.7332021329216, 230.6211216074933, 230.49421280881435, 230.3525190761233, 230.19608879769996, 230.02497539434114, 229.83923730111738, 229.63893794741733, 229.42414573528674, 229.19493401606934, 228.95138106535722, 228.69357005625997, 228.42158903100096, 228.1355308708512, 227.83549326441033, 227.52157867424603, 227.19389430190327, 226.85255205129505, 226.49766849048723, 226.1293648118907, 225.74776679087432, 225.3530047428127, 224.94521347858353, 224.52453225853003, 224.09110474490348, 223.64507895280266, 223.186607199627, 222.71584605306018, 222.2329562776025, 221.7381027796699, 221.2314545512786, 220.71318461233443, 220.18346995154673, 219.64249146598692, 219.09043389931225, 218.52748577867592, 217.95383935034545, 217.3696905140506, 216.77523875608384, 216.1706870811759, 215.55624194316994, 214.9321131745177, 214.29851391462188, 213.65566053704933, 213.00377257563954, 212.34307264953418, 211.67378638715266, 210.9961423491405, 210.31037195031593, 209.6167093806418, 208.9153915252503, 208.20665788354643, 207.49075048741975, 206.76791381859, 206.03839472511754, 205.30244233710434, 204.5603079816168, 203.8122450968574, 203.058509145616, 202.29935752802942, 201.53504949367965, 200.76584605306016, 199.99200988844134, 199.21380526416442, 198.43149793639571, 197.64535506237095, 196.85564510916146, 196.06263776199273, 195.26660383214738, 194.4678151644833, 193.66654454459854, 192.86306560567593, 192.05765273503687, 191.25058098043894, 190.44212595614695, 189.63256374881107, 188.82217082318343, 188.01122392770577, 187.2], "Y": [84.59999999999998, 83.39794723240858, 82.19630496473611, 80.99548355671614, 79.79589308775944, 78.5979432169122, 77.40204304295787, 76.20860096471027, 75.01802454154583, 73.8307203542223, 72.64709386603205, 71.46754928433644, 70.29248942252951, 69.12231556247761, 67.95742731748193, 66.79822249581099, 65.64509696484942, 64.49844451590965, 63.35865672975256, 62.226122842862964, 61.101229614525685, 59.984361194747706, 58.8758989930712, 57.77622154832257, 56.68570439934179, 55.60471995673619, 54.53363737570258, 53.47282242996127, 52.42263738684434, 51.38344088358197, 50.35558780482797, 49.33942916146714, 48.33531197074526, 47.34357913776311, 46.364569338374594, 45.39861690352935, 44.44605170509895, 43.50719904322601, 42.582379535234466, 41.67190900613908, 40.776098380791446, 39.89525357769946, 39.029675404556414, 38.17965945551548, 37.34549601024458, 36.52746993479609, 35.72586058432536, 34.94094170769122, 34.172981353970975, 33.42224178092189, 32.688979365420394, 31.973444515909648, 31.27588158688524, 30.596528795448414, 29.93561813995506, 29.293375320788584, 28.670019663283362, 28.06576404282537, 27.480814812155415, 26.915371730899963, 26.369627897353162, 25.843769682534308, 25.337976666541927, 24.85242157722768, 24.38727023120974, 23.94268147724663, 23.51880714199055, 23.115791978138667, 22.73377361500024, 22.372882511496307, 22.0332419116081, 21.714967802289344, 21.41816887385678, 21.14294648287258, 20.88939461753113, 20.65759986556216, 20.44764138466114, 20.259590875456936, 20.093512557026173, 19.949463144962422, 19.82749183200798, 19.727640271254458, 19.649942561918408, 19.594425237696342, 19.561107257703654, 19.549999999999983]}