{"X": [23.11, 23.10925040951085, 23.10700189402787, 23.103255221417037, 23.098011671163608, 23.091273033935202, 23.083041610970252, 23.07332021329216, 23.06211216074933, 23.049421280881436, 23.035251907612327, 23.019608879769997, 23.002497539434113, 22.983923730111737, 22.963893794741733, 22.942414573528673, 22.919493401606935, 22.895138106535722, 22.869357005625996, 22.842158903100096, 22.81355308708512, 22.783549326441033, 22.752157867424604, 22.719389430190326, 22.685255205129504, 22.649766849048724, 22.61293648118907, 22.57477667908743, 22.535300474281268, 22.494521347858353, 22.452453225853002, 22.409110474490348, 22.364507895280266, 22.3186607199627, 22.271584605306018, 22.22329562776025, 22.17381027796699, 22.12314545512786, 22.071318461233442, 22.018346995154673, 21.964249146598693, 21.909043389931224, 21.852748577867594, 21.795383935034543, 21.73696905140506, 21.677523875608383, 21.617068708117593, 21.555624194316994, 21.49321131745177, 21.429851391462186, 21.36556605370493, 21.300377257563955, 21.23430726495342, 21.167378638715267, 21.09961423491405, 21.031037195031594, 20.96167093806418, 20.89153915252503, 20.820665788354642, 20.749075048741975, 20.676791381858997, 20.603839472511755, 20.530244233710434, 20.45603079816168, 20.38122450968574, 20.3058509145616, 20.22993575280294, 20.153504949367964, 20.076584605306017, 19.999200988844134, 19.921380526416442, 19.843149793639572, 19.764535506237095, 19.685564510916144, 19.606263776199274, 19.52666038321474, 19.446781516448333, 19.366654454459855, 19.286306560567592, 19.205765273503687, 19.125058098043894, 19.044212595614695, 18.963256374881105, 18.88221708231834, 18.801122392770576, 18.72], "Y": [8.459999999999997, 8.339794723240859, 8.219630496473611, 8.099548355671613, 7.979589308775944, 7.85979432169122, 7.740204304295787, 7.620860096471027, 7.501802454154583, 7.383072035422229, 7.264709386603205, 7.146754928433644, 7.029248942252951, 6.912231556247761, 6.795742731748193, 6.679822249581099, 6.564509696484942, 6.449844451590965, 6.335865672975256, 6.2226122842862965, 6.110122961452569, 5.99843611947477, 5.8875898993071205, 5.777622154832256, 5.668570439934179, 5.560471995673619, 5.453363737570259, 5.347282242996127, 5.242263738684434, 5.138344088358197, 5.035558780482797, 4.933942916146714, 4.833531197074526, 4.734357913776311, 4.63645693383746, 4.539861690352935, 4.444605170509895, 4.350719904322601, 4.258237953523446, 4.1671909006139085, 4.077609838079145, 3.9895253577699457, 3.9029675404556414, 3.817965945551548, 3.734549601024458, 3.652746993479609, 3.572586058432536, 3.4940941707691224, 3.4172981353970977, 3.342224178092189, 3.2688979365420394, 3.197344451590965, 3.127588158688524, 3.059652879544841, 2.9935618139955062, 2.9293375320788586, 2.867001966328336, 2.806576404282537, 2.7480814812155416, 2.6915371730899964, 2.6369627897353163, 2.584376968253431, 2.5337976666541926, 2.485242157722768, 2.438727023120974, 2.394268147724663, 2.351880714199055, 2.3115791978138667, 2.2733773615000237, 2.237288251149631, 2.20332419116081, 2.171496780228934, 2.1418168873856778, 2.114294648287258, 2.088939461753113, 2.065759986556216, 2.044764138466114, 2.0259590875456936, 2.0093512557026174, 1.9949463144962423, 1.982749183200798, 1.9727640271254459, 1.9649942561918408, 1.9594425237696342, 1.9561107257703654, 1.9549999999999983]}