{"X": [23.11, 23.10948950509496, 23.10795813910651, 23.105406258187067, 23.101834455831934, 23.097243562741294, 23.091634646627014, 23.085009011964303, 23.077368199688355, 23.06871398683595, 23.05904838613217, 23.048373645522314, 23.036692247649068, 23.024006909275112, 23.010320580651296, 22.995636444830485, 22.979957916927262, 22.963288643323686, 22.945632500821233, 22.926993595739173, 22.90737626295955, 22.886785064918996, 22.86522479054768, 22.842700454155484, 22.81921729426586, 22.79478077239748, 22.769396571794037, 22.74307059610249, 22.71580896800004, 22.687618027770178, 22.658504331828095, 22.628474651195866, 22.597535969927684, 22.565695483485577, 22.532960597065955, 22.49933892387735, 22.464838283369808, 22.429466699416313, 22.393232398446663, 22.35614380753422, 22.31820955243602, 22.27943845558666, 22.239839534046475, 22.19942199740437, 22.158195245636005, 22.116168866917555, 22.073352635395818, 22.029756508915003, 21.98539062670083, 21.94026530700242, 21.894391044692576, 21.84777850882696, 21.800438540162776, 21.75238214863753, 21.7036205108084, 21.654164967252925, 21.60402701993146, 21.553218329512205, 21.50175071265919, 21.449636139284127, 21.396886729762496, 21.343514752114707, 21.28953261915291, 21.234952885594115, 21.179788245140326, 21.12405152752634, 21.067755695535936, 21.010913841987055, 20.953539186686818, 20.895645073356967, 20.83724496653047, 20.77835244842009, 20.718981215759506, 20.659145076617868, 20.598857947188414, 20.53813384855198, 20.47698690341606, 20.415431332830288, 20.35348145287903, 20.291151671351834, 20.22845648439263, 20.165410473128297, 20.102028300277528, 20.03832470674069, 19.974314508171524, 19.910012591531398, 19.845433911627076, 19.780593487632622, 19.715506399596368, 19.650187784933724, 19.584652834906638, 19.518916791090557, 19.452994941829648, 19.386902618681162, 19.320655192849763, 19.254268071612607, 19.187756694736056, 19.121136530884804, 19.054423074024328, 18.98763183981742, 18.92077836201569, 18.853878188846817, 18.786946879398545, 18.72], "Y": [8.459999999999997, 8.328546218584172, 8.19712300959918, 8.065760938365546, 7.934490555984921, 7.803342392234683, 7.672346948467651, 7.541534690518264, 7.410936041617151, 7.280581375315492, 7.150501008421036, 7.02072519394725, 6.891284114077303, 6.762207873144592, 6.633526490631271, 6.505269894186625, 6.3774679126666864, 6.250150269196943, 6.123346574259529, 5.99708631880671, 5.8713988674021, 5.746313451391273, 5.6218591621034335, 5.498064944085533, 5.374959588370649, 5.252571725781943, 5.130929820274006, 5.010062162312882, 4.889996862296561, 4.770761844017275, 4.652384838167189, 4.534893375889076, 4.418314782373303, 4.302676170502807, 4.188004434547368, 4.074326243908798, 3.9616680369183577, 3.8500560146879743, 3.739516135016607, 3.6300741063531645, 3.5217553818174743, 3.4145851532806093, 3.3085883455059664, 3.203789610352449, 3.100213321041185, 2.9978835664869585, 2.896824145695855, 2.797058562230243, 2.69861001874255, 2.6015014115789428, 2.5057553254543214, 2.411394028199735, 2.3184394655835043, 2.226913256207285, 2.136836686478157, 2.0482307056580495, 1.961115920991493, 1.875512592912996, 1.7914406303350034, 1.70891958601768, 1.6279686520214796, 1.548606655243597, 1.4708520530393983, 1.3947229289297254, 1.3202369883952159, 1.24741155475848, 1.1762635651552074, 1.106809566595048, 1.0390657121132691, 0.9730477570139996, 0.9087710552059903, 0.8462505556317481, 0.7855007987908038, 0.7265359133580418, 0.6693696128977322, 0.6140151926741766, 0.5604855265595745, 0.5087930640399521, 0.4589498273197535, 0.4109674085258021, 0.36485696701133036, 0.320629226760596, 0.27829447389481743, 0.23786255427988437, 0.19934287123651728, 0.1627443833532908, 0.12807560240314614, 0.09534459136377933, 0.06455896254241651, 0.0357258758054229, 0.008852036913101814, -0.01605630403985714, -0.03899335407799072, -0.05995377869232925, -0.07893270308106679, -0.09592571328328744, -0.11092885720553766, -0.12393864554097292, -0.13495205258086146, -0.14396651691828594, -0.15097994204385543, -0.15599069683329106, -0.1589976159267792, -0.16000000000000086]}