{"X": [231.1, 231.08793562632093, 231.05174913622272, 230.99146041887803, 230.9071026107613, 230.7987220774361, 230.66637838807117, 230.5101442826994, 230.3301056322378, 230.1263613912903, 229.89902354375928, 229.648217041296, 229.37407973462328, 229.0767622977688, 228.75642814525006, 228.41325334225695, 228.04742650788108, 227.6591487114451, 227.24863336198896, 226.81610609097402, 226.36180462826925, 225.88597867148783, 225.3888897487459, 224.87081107491883, 224.33202740147436, 223.77283485996463, 223.1935407992633, 222.59446361663788, 221.97593258274856, 221.3382876606717, 220.68187931904578, 220.00706833944335, 219.31422561807506, 218.6037319619336, 217.87597787949113, 217.13136336606422, 216.37029768396428, 215.593199137555, 214.80049484333983, 213.99262049520587, 213.17002012495362, 212.33314585824397, 211.48245766609622, 210.6184231120747, 209.74151709530153, 208.8522215894381, 207.951025377778, 207.0384237845971, 206.11491840290861, 205.1810168187726, 204.23723233231175, 203.284083675586, 202.3220947274822, 201.35179422577463, 200.37371547651492, 199.38839606091125, 198.39637753985758, 197.39820515627576, 196.39442753543375, 195.38559638340482, 194.37226618383346, 193.35499389317476, 192.3343386345744, 191.310861390558, 190.2851246946983, 189.25769232243033, 188.2291289811831, 187.2], "Y": [84.59999999999998, 83.57087101881686, 82.54230767756962, 81.5148753053016, 80.48913860944198, 79.46566136542556, 78.4450061068252, 77.42773381616652, 76.4144036165952, 75.40557246456623, 74.40179484372422, 73.40362246014239, 72.4116039390887, 71.42628452348504, 70.44820577422536, 69.47790527251776, 68.51591632441398, 67.56276766768822, 66.61898318122736, 65.6850815970914, 64.76157621540287, 63.84897462222196, 62.94777841056185, 62.05848290469842, 61.18157688792525, 60.317542333903745, 59.466854141756016, 58.629979875046345, 57.80737950479411, 56.99950515666015, 56.20680086244497, 55.4297023160357, 54.66863663393576, 53.92402212050883, 53.19626803806639, 52.48577438192492, 51.79293166055661, 51.118120680954206, 50.461712339328265, 49.824067417251406, 49.2055363833621, 48.60645920073665, 48.02716514003536, 47.467972598525606, 46.92918892508115, 46.41111025125409, 45.914021328512135, 45.43819537173073, 44.983893909025966, 44.55136663801101, 44.14085128855487, 43.752573492118884, 43.386746657743025, 43.04357185474992, 42.72323770223119, 42.4259202653767, 42.15178295870398, 41.9009764562407, 41.673638608709695, 41.4698943677622, 41.2898557173006, 41.13362161192881, 41.00127792256386, 40.89289738923866, 40.80853958112194, 40.74825086377725, 40.71206437367907, 40.69999999999999]}