{"X": [2.311, 2.310879356263209, 2.3105174913622273, 2.3099146041887804, 2.3090710261076133, 2.3079872207743612, 2.306663783880712, 2.305101442826994, 2.303301056322378, 2.301263613912903, 2.298990235437593, 2.29648217041296, 2.2937407973462327, 2.290767622977688, 2.2875642814525006, 2.2841325334225697, 2.280474265078811, 2.2765914871144513, 2.2724863336198897, 2.26816106090974, 2.2636180462826925, 2.2588597867148783, 2.253888897487459, 2.248708110749188, 2.2433202740147435, 2.237728348599646, 2.231935407992633, 2.225944636166379, 2.2197593258274857, 2.213382876606717, 2.206818793190458, 2.2000706833944337, 2.1931422561807508, 2.186037319619336, 2.178759778794911, 2.1713136336606422, 2.1637029768396427, 2.15593199137555, 2.1480049484333983, 2.139926204952059, 2.131700201249536, 2.12333145858244, 2.114824576660962, 2.1061842311207473, 2.097415170953015, 2.088522215894381, 2.07951025377778, 2.0703842378459707, 2.061149184029086, 2.051810168187726, 2.0423723233231175, 2.03284083675586, 2.023220947274822, 2.0135179422577463, 2.0037371547651492, 1.9938839606091125, 1.9839637753985757, 1.9739820515627577, 1.9639442753543375, 1.9538559638340482, 1.9437226618383345, 1.9335499389317476, 1.923343386345744, 1.91310861390558, 1.9028512469469832, 1.8925769232243033, 1.882291289811831, 1.8719999999999999], "Y": [0.8459999999999998, 0.8357087101881686, 0.8254230767756963, 0.815148753053016, 0.8048913860944198, 0.7946566136542557, 0.784450061068252, 0.7742773381616652, 0.764144036165952, 0.7540557246456623, 0.7440179484372422, 0.7340362246014238, 0.7241160393908871, 0.7142628452348504, 0.7044820577422536, 0.6947790527251776, 0.6851591632441398, 0.6756276766768822, 0.6661898318122736, 0.656850815970914, 0.6476157621540287, 0.6384897462222195, 0.6294777841056185, 0.6205848290469842, 0.6118157688792525, 0.6031754233390374, 0.5946685414175602, 0.5862997987504635, 0.5780737950479411, 0.5699950515666015, 0.5620680086244497, 0.554297023160357, 0.5466863663393576, 0.5392402212050883, 0.531962680380664, 0.5248577438192492, 0.5179293166055661, 0.511181206809542, 0.5046171233932827, 0.49824067417251405, 0.49205536383362103, 0.4860645920073665, 0.48027165140035355, 0.47467972598525604, 0.4692918892508115, 0.46411110251254084, 0.45914021328512133, 0.4543819537173073, 0.4498389390902597, 0.4455136663801101, 0.4414085128855487, 0.43752573492118885, 0.43386746657743025, 0.4304357185474992, 0.42723237702231187, 0.42425920265376704, 0.4215178295870398, 0.41900976456240696, 0.41673638608709695, 0.414698943677622, 0.41289855717300594, 0.4113362161192881, 0.41001277922563856, 0.40892897389238664, 0.4080853958112194, 0.4074825086377725, 0.4071206437367907, 0.40699999999999986]}