{"X": [23.11, 23.108793562632094, 23.10517491362227, 23.099146041887803, 23.090710261076133, 23.079872207743612, 23.066637838807118, 23.05101442826994, 23.03301056322378, 23.01263613912903, 22.98990235437593, 22.964821704129598, 22.937407973462328, 22.90767622977688, 22.875642814525005, 22.841325334225694, 22.804742650788107, 22.76591487114451, 22.724863336198897, 22.6816106090974, 22.636180462826925, 22.588597867148785, 22.538888974874588, 22.487081107491882, 22.433202740147436, 22.377283485996465, 22.31935407992633, 22.259446361663787, 22.197593258274857, 22.13382876606717, 22.06818793190458, 22.000706833944335, 21.931422561807505, 21.860373196193358, 21.787597787949114, 21.71313633660642, 21.637029768396427, 21.5593199137555, 21.480049484333982, 21.399262049520587, 21.31700201249536, 21.233314585824395, 21.148245766609623, 21.06184231120747, 20.974151709530155, 20.88522215894381, 20.7951025377778, 20.703842378459708, 20.61149184029086, 20.518101681877262, 20.423723233231176, 20.328408367558602, 20.23220947274822, 20.135179422577462, 20.037371547651492, 19.938839606091125, 19.83963775398576, 19.739820515627578, 19.639442753543374, 19.53855963834048, 19.437226618383345, 19.335499389317476, 19.233433863457442, 19.1310861390558, 19.02851246946983, 18.925769232243034, 18.82291289811831, 18.72], "Y": [8.459999999999997, 8.357087101881685, 8.254230767756962, 8.15148753053016, 8.048913860944198, 7.946566136542556, 7.844500610682521, 7.742773381616653, 7.6414403616595195, 7.540557246456624, 7.440179484372422, 7.340362246014239, 7.241160393908871, 7.142628452348504, 7.044820577422536, 6.947790527251776, 6.851591632441398, 6.756276766768822, 6.661898318122736, 6.56850815970914, 6.4761576215402865, 6.384897462222196, 6.294777841056185, 6.205848290469842, 6.118157688792525, 6.031754233390375, 5.946685414175602, 5.8629979875046345, 5.780737950479411, 5.699950515666015, 5.620680086244497, 5.5429702316035705, 5.4668636633935765, 5.392402212050883, 5.319626803806639, 5.248577438192492, 5.179293166055661, 5.11181206809542, 5.046171233932826, 4.982406741725141, 4.9205536383362105, 4.860645920073665, 4.802716514003536, 4.746797259852561, 4.692918892508115, 4.641111025125409, 4.591402132851213, 4.543819537173073, 4.498389390902597, 4.455136663801101, 4.414085128855487, 4.375257349211888, 4.3386746657743025, 4.304357185474992, 4.272323770223119, 4.24259202653767, 4.215178295870398, 4.1900976456240695, 4.167363860870969, 4.14698943677622, 4.12898557173006, 4.113362161192881, 4.1001277922563855, 4.089289738923866, 4.080853958112194, 4.074825086377725, 4.071206437367907, 4.0699999999999985]}