{"X": [2.311, 2.310948950509496, 2.310795813910651, 2.3105406258187067, 2.3101834455831933, 2.3097243562741294, 2.3091634646627015, 2.3085009011964304, 2.3077368199688353, 2.3068713986835947, 2.305904838613217, 2.3048373645522315, 2.303669224764907, 2.302400690927511, 2.30103205806513, 2.2995636444830483, 2.2979957916927263, 2.2963288643323687, 2.294563250082123, 2.2926993595739176, 2.2907376262959547, 2.2886785064918995, 2.2865224790547676, 2.284270045415548, 2.281921729426586, 2.279478077239748, 2.2769396571794034, 2.274307059610249, 2.271580896800004, 2.2687618027770178, 2.2658504331828095, 2.2628474651195862, 2.259753596992768, 2.256569548348558, 2.2532960597065954, 2.249933892387735, 2.246483828336981, 2.2429466699416314, 2.2393232398446665, 2.235614380753422, 2.231820955243602, 2.227943845558666, 2.2239839534046473, 2.219942199740437, 2.2158195245636008, 2.2116168866917554, 2.2073352635395818, 2.2029756508915, 2.198539062670083, 2.194026530700242, 2.189439104469258, 2.184777850882696, 2.1800438540162776, 2.1752382148637532, 2.17036205108084, 2.1654164967252925, 2.160402701993146, 2.1553218329512207, 2.150175071265919, 2.1449636139284127, 2.13968867297625, 2.1343514752114707, 2.128953261915291, 2.1234952885594116, 2.1179788245140325, 2.1124051527526344, 2.1067755695535935, 2.101091384198705, 2.095353918668682, 2.0895645073356963, 2.0837244966530473, 2.077835244842009, 2.07189812157595, 2.0659145076617866, 2.0598857947188414, 2.053813384855198, 2.047698690341606, 2.041543133283029, 2.035348145287903, 2.0291151671351835, 2.0228456484392634, 2.0165410473128293, 2.010202830027753, 2.003832470674069, 1.9974314508171522, 1.9910012591531399, 1.9845433911627075, 1.9780593487632623, 1.9715506399596368, 1.9650187784933724, 1.9584652834906637, 1.951891679109056, 1.9452994941829647, 1.9386902618681163, 1.9320655192849765, 1.9254268071612608, 1.9187756694736056, 1.9121136530884806, 1.9054423074024327, 1.8987631839817423, 1.8920778362015687, 1.8853878188846818, 1.8786946879398545, 1.8719999999999999], "Y": [0.8459999999999998, 0.8328546218584172, 0.819712300959918, 0.8065760938365547, 0.7934490555984921, 0.7803342392234682, 0.7672346948467651, 0.7541534690518265, 0.7410936041617151, 0.7280581375315492, 0.7150501008421035, 0.702072519394725, 0.6891284114077303, 0.6762207873144592, 0.6633526490631272, 0.6505269894186625, 0.6377467912666686, 0.6250150269196942, 0.6123346574259529, 0.599708631880671, 0.58713988674021, 0.5746313451391273, 0.5621859162103433, 0.5498064944085533, 0.5374959588370648, 0.5252571725781943, 0.5130929820274006, 0.5010062162312882, 0.4889996862296561, 0.4770761844017275, 0.46523848381671884, 0.4534893375889076, 0.4418314782373302, 0.4302676170502807, 0.41880044345473677, 0.40743262439087985, 0.39616680369183577, 0.3850056014687974, 0.37395161350166073, 0.36300741063531644, 0.3521755381817474, 0.34145851532806093, 0.33085883455059667, 0.3203789610352449, 0.3100213321041185, 0.29978835664869585, 0.28968241456958554, 0.2797058562230243, 0.269861001874255, 0.26015014115789425, 0.25057553254543213, 0.2411394028199735, 0.23184394655835042, 0.22269132562072846, 0.2136836686478157, 0.20482307056580495, 0.1961115920991493, 0.1875512592912996, 0.17914406303350033, 0.170891958601768, 0.16279686520214795, 0.15486066552435973, 0.14708520530393984, 0.13947229289297255, 0.13202369883952159, 0.12474115547584802, 0.11762635651552074, 0.1106809566595048, 0.1039065712113269, 0.09730477570139996, 0.09087710552059904, 0.08462505556317482, 0.07855007987908039, 0.07265359133580418, 0.06693696128977322, 0.06140151926741765, 0.05604855265595745, 0.050879306403995204, 0.04589498273197535, 0.041096740852580214, 0.03648569670113304, 0.0320629226760596, 0.027829447389481742, 0.023786255427988436, 0.01993428712365173, 0.01627443833532908, 0.012807560240314615, 0.009534459136377934, 0.006455896254241651, 0.0035725875805422904, 0.0008852036913101813, -0.0016056304039857138, -0.0038993354077990717, -0.005995377869232925, -0.00789327030810668, -0.009592571328328746, -0.011092885720553766, -0.012393864554097292, -0.013495205258086144, -0.014396651691828594, -0.015097994204385543, -0.015599069683329105, -0.01589976159267792, -0.016000000000000084]}