{"X": [2.311, 2.310925040951085, 2.310700189402787, 2.3103255221417034, 2.3098011671163605, 2.3091273033935202, 2.308304161097025, 2.307332021329216, 2.3062112160749333, 2.3049421280881437, 2.303525190761233, 2.3019608879769997, 2.3002497539434112, 2.2983923730111737, 2.2963893794741734, 2.2942414573528676, 2.291949340160693, 2.289513810653572, 2.2869357005625996, 2.28421589031001, 2.281355308708512, 2.2783549326441035, 2.2752157867424603, 2.2719389430190327, 2.2685255205129504, 2.2649766849048723, 2.2612936481189068, 2.257477667908743, 2.253530047428127, 2.249452134785835, 2.2452453225853004, 2.2409110474490346, 2.2364507895280266, 2.23186607199627, 2.227158460530602, 2.222329562776025, 2.217381027796699, 2.212314545512786, 2.2071318461233442, 2.201834699515467, 2.196424914659869, 2.1909043389931226, 2.185274857786759, 2.1795383935034547, 2.173696905140506, 2.167752387560838, 2.1617068708117593, 2.1555624194316994, 2.149321131745177, 2.142985139146219, 2.1365566053704934, 2.1300377257563956, 2.1234307264953416, 2.1167378638715264, 2.1099614234914053, 2.103103719503159, 2.096167093806418, 2.089153915252503, 2.082066578835464, 2.0749075048741976, 2.0676791381859, 2.0603839472511756, 2.0530244233710433, 2.045603079816168, 2.038122450968574, 2.03058509145616, 2.022993575280294, 2.0153504949367966, 2.0076584605306014, 1.9999200988844135, 1.9921380526416441, 1.9843149793639572, 1.9764535506237095, 1.9685564510916145, 1.9606263776199273, 1.9526660383214738, 1.944678151644833, 1.9366654454459853, 1.9286306560567592, 1.9205765273503688, 1.9125058098043894, 1.9044212595614696, 1.8963256374881106, 1.8882217082318342, 1.8801122392770577, 1.8719999999999999], "Y": [0.8459999999999998, 0.8339794723240859, 0.8219630496473611, 0.8099548355671614, 0.7979589308775944, 0.785979432169122, 0.7740204304295787, 0.7620860096471027, 0.7501802454154582, 0.7383072035422229, 0.7264709386603205, 0.7146754928433644, 0.7029248942252951, 0.6912231556247761, 0.6795742731748193, 0.6679822249581099, 0.6564509696484941, 0.6449844451590966, 0.6335865672975256, 0.6222612284286296, 0.6110122961452569, 0.599843611947477, 0.5887589899307121, 0.5777622154832257, 0.5668570439934179, 0.5560471995673619, 0.5453363737570258, 0.5347282242996126, 0.5242263738684434, 0.5138344088358197, 0.5035558780482797, 0.49339429161467135, 0.4833531197074526, 0.4734357913776311, 0.46364569338374595, 0.45398616903529354, 0.44446051705098955, 0.4350719904322601, 0.42582379535234466, 0.4167190900613908, 0.4077609838079145, 0.3989525357769946, 0.39029675404556413, 0.38179659455515474, 0.37345496010244583, 0.36527469934796086, 0.3572586058432536, 0.34940941707691225, 0.34172981353970977, 0.33422241780921885, 0.32688979365420395, 0.3197344451590965, 0.3127588158688524, 0.30596528795448413, 0.2993561813995506, 0.29293375320788584, 0.28670019663283364, 0.2806576404282537, 0.27480814812155413, 0.2691537173089996, 0.2636962789735316, 0.25843769682534307, 0.2533797666654193, 0.2485242157722768, 0.2438727023120974, 0.2394268147724663, 0.2351880714199055, 0.23115791978138667, 0.22733773615000238, 0.22372882511496306, 0.220332419116081, 0.21714967802289345, 0.2141816887385678, 0.21142946482872582, 0.20889394617531132, 0.20657599865562162, 0.2044764138466114, 0.20259590875456937, 0.20093512557026172, 0.19949463144962423, 0.1982749183200798, 0.19727640271254457, 0.19649942561918407, 0.19594425237696342, 0.19561107257703653, 0.19549999999999984]}