{"X": [-18.71, -18.60831818181818, -18.506636363636364, -18.404954545454544, -18.303272727272727, -18.201590909090907, -18.09990909090909, -17.99822727272727, -17.896545454545453, -17.794863636363637, -17.69318181818182, -17.5915, -17.489818181818183, -17.388136363636363, -17.286454545454546, -17.184772727272726, -17.083090909090906, -16.98140909090909, -16.879727272727273, -16.778045454545456, -16.676363636363636, -16.57468181818182, -16.473, -16.371318181818182, -16.269636363636362, -16.167954545454545, -16.066272727272725, -15.964590909090907, -15.86290909090909, -15.761227272727274, -15.659545454545455, -15.557863636363635, -15.456181818181818, -15.354499999999998, -15.252818181818181, -15.151136363636363, -15.049454545454546, -14.947772727272726, -14.846090909090908, -14.744409090909091, -14.642727272727274, -14.541045454545454, -14.439363636363634, -14.337681818181817, -14.235999999999999, -14.134318181818182, -14.032636363636362, -13.930954545454545, -13.829272727272727, -13.72759090909091, -13.62590909090909, -13.524227272727273, -13.422545454545453, -13.320863636363635, -13.219181818181818, -13.117500000000001, -13.015818181818181, -12.914136363636363, -12.812454545454546, -12.710772727272726, -12.60909090909091, -12.50740909090909, -12.405727272727272, -12.304045454545454, -12.202363636363637, -12.100681818181817, -11.998999999999999, -11.897318181818182, -11.795636363636364, -11.693954545454545, -11.592272727272727, -11.490590909090908, -11.388909090909092, -11.287227272727272, -11.185545454545455, -11.083863636363636, -10.982181818181818, -10.880500000000001, -10.778818181818181, -10.677136363636365, -10.575454545454544, -10.473772727272728, -10.37209090909091, -10.27040909090909, -10.168727272727272, -10.067045454545454, -9.965363636363636, -9.863681818181819, -9.761999999999999, -9.660318181818182, -9.558636363636364, -9.456954545454545, -9.355272727272729, -9.253590909090908, -9.151909090909092, -9.050227272727273, -8.948545454545455, -8.846863636363636, -8.745181818181818, -8.6435, -8.541818181818183, -8.440136363636363, -8.338454545454546, -8.236772727272726, -8.13509090909091, -8.03340909090909, -7.931727272727272, -7.830045454545454, -7.728363636363636, -7.626681818181818, -7.525], "Y": [25.609999999999996, 25.609999999999996, 25.609999999999996, 25.609999999999996, 25.609999999999996, 25.609999999999996, 25.609999999999996, 25.609999999999996, 25.609999999999996, 25.609999999999996, 25.609999999999996, 25.609999999999996, 25.609999999999996, 25.609999999999996, 25.609999999999996, 25.609999999999996, 25.609999999999996, 25.609999999999996, 25.609999999999996, 25.609999999999996, 25.609999999999996, 25.609999999999996, 25.609999999999996, 25.609999999999996, 25.609999999999996, 25.609999999999996, 25.609999999999996, 25.609999999999996, 25.609999999999996, 25.609999999999996, 25.609999999999996, 25.609999999999996, 25.609999999999996, 25.609999999999996, 25.609999999999996, 25.609999999999996, 25.609999999999996, 25.609999999999996, 25.609999999999996, 25.609999999999996, 25.609999999999996, 25.609999999999996, 25.609999999999996, 25.609999999999996, 25.609999999999996, 25.609999999999996, 25.609999999999996, 25.609999999999996, 25.609999999999996, 25.609999999999996, 25.609999999999996, 25.609999999999996, 25.609999999999996, 25.609999999999996, 25.609999999999996, 25.609999999999996, 25.609999999999996, 25.609999999999996, 25.609999999999996, 25.609999999999996, 25.609999999999996, 25.609999999999996, 25.609999999999996, 25.609999999999996, 25.609999999999996, 25.609999999999996, 25.609999999999996, 25.609999999999996, 25.609999999999996, 25.609999999999996, 25.609999999999996, 25.609999999999996, 25.609999999999996, 25.609999999999996, 25.609999999999996, 25.609999999999996, 25.609999999999996, 25.609999999999996, 25.609999999999996, 25.609999999999996, 25.609999999999996, 25.609999999999996, 25.609999999999996, 25.609999999999996, 25.609999999999996, 25.609999999999996, 25.609999999999996, 25.609999999999996, 25.609999999999996, 25.609999999999996, 25.609999999999996, 25.609999999999996, 25.609999999999996, 25.609999999999996, 25.609999999999996, 25.609999999999996, 25.609999999999996, 25.609999999999996, 25.609999999999996, 25.609999999999996, 25.609999999999996, 25.609999999999996, 25.609999999999996, 25.609999999999996, 25.609999999999996, 25.609999999999996, 25.609999999999996, 25.609999999999996, 25.609999999999996, 25.609999999999996, 25.609999999999996]}