{"X": [-187.1, -186.0831818181818, -185.06636363636363, -184.04954545454544, -183.03272727272727, -182.01590909090908, -180.9990909090909, -179.98227272727271, -178.96545454545455, -177.94863636363635, -176.9318181818182, -175.915, -174.89818181818183, -173.88136363636363, -172.86454545454546, -171.84772727272727, -170.83090909090907, -169.8140909090909, -168.7972727272727, -167.78045454545455, -166.76363636363635, -165.74681818181818, -164.73, -163.71318181818182, -162.69636363636363, -161.67954545454546, -160.66272727272727, -159.64590909090907, -158.6290909090909, -157.61227272727274, -156.59545454545454, -155.57863636363635, -154.56181818181818, -153.545, -152.52818181818182, -151.51136363636363, -150.49454545454546, -149.47772727272726, -148.46090909090907, -147.4440909090909, -146.42727272727274, -145.41045454545454, -144.39363636363635, -143.37681818181818, -142.35999999999999, -141.34318181818182, -140.32636363636362, -139.30954545454546, -138.29272727272726, -137.2759090909091, -136.2590909090909, -135.24227272727273, -134.22545454545454, -133.20863636363634, -132.19181818181818, -131.175, -130.15818181818182, -129.14136363636362, -128.12454545454545, -127.10772727272726, -126.0909090909091, -125.0740909090909, -124.05727272727273, -123.04045454545454, -122.02363636363637, -121.00681818181818, -119.99, -118.97318181818181, -117.95636363636363, -116.93954545454545, -115.92272727272727, -114.90590909090908, -113.88909090909091, -112.87227272727272, -111.85545454545455, -110.83863636363637, -109.82181818181817, -108.805, -107.78818181818181, -106.77136363636365, -105.75454545454545, -104.73772727272727, -103.72090909090909, -102.70409090909091, -101.68727272727273, -100.67045454545455, -99.65363636363635, -98.63681818181819, -97.61999999999999, -96.60318181818182, -95.58636363636363, -94.56954545454545, -93.55272727272728, -92.53590909090909, -91.51909090909092, -90.50227272727273, -89.48545454545454, -88.46863636363636, -87.45181818181818, -86.435, -85.41818181818182, -84.40136363636363, -83.38454545454546, -82.36772727272727, -81.3509090909091, -80.3340909090909, -79.31727272727272, -78.30045454545454, -77.28363636363636, -76.26681818181818, -75.25], "Y": [256.09999999999997, 256.09999999999997, 256.09999999999997, 256.09999999999997, 256.09999999999997, 256.09999999999997, 256.09999999999997, 256.09999999999997, 256.09999999999997, 256.09999999999997, 256.09999999999997, 256.09999999999997, 256.09999999999997, 256.09999999999997, 256.09999999999997, 256.09999999999997, 256.09999999999997, 256.09999999999997, 256.09999999999997, 256.09999999999997, 256.09999999999997, 256.09999999999997, 256.09999999999997, 256.09999999999997, 256.09999999999997, 256.09999999999997, 256.09999999999997, 256.09999999999997, 256.09999999999997, 256.09999999999997, 256.09999999999997, 256.09999999999997, 256.09999999999997, 256.09999999999997, 256.09999999999997, 256.09999999999997, 256.09999999999997, 256.09999999999997, 256.09999999999997, 256.09999999999997, 256.09999999999997, 256.09999999999997, 256.09999999999997, 256.09999999999997, 256.09999999999997, 256.09999999999997, 256.09999999999997, 256.09999999999997, 256.09999999999997, 256.09999999999997, 256.09999999999997, 256.09999999999997, 256.09999999999997, 256.09999999999997, 256.09999999999997, 256.09999999999997, 256.09999999999997, 256.09999999999997, 256.09999999999997, 256.09999999999997, 256.09999999999997, 256.09999999999997, 256.09999999999997, 256.09999999999997, 256.09999999999997, 256.09999999999997, 256.09999999999997, 256.09999999999997, 256.09999999999997, 256.09999999999997, 256.09999999999997, 256.09999999999997, 256.09999999999997, 256.09999999999997, 256.09999999999997, 256.09999999999997, 256.09999999999997, 256.09999999999997, 256.09999999999997, 256.09999999999997, 256.09999999999997, 256.09999999999997, 256.09999999999997, 256.09999999999997, 256.09999999999997, 256.09999999999997, 256.09999999999997, 256.09999999999997, 256.09999999999997, 256.09999999999997, 256.09999999999997, 256.09999999999997, 256.09999999999997, 256.09999999999997, 256.09999999999997, 256.09999999999997, 256.09999999999997, 256.09999999999997, 256.09999999999997, 256.09999999999997, 256.09999999999997, 256.09999999999997, 256.09999999999997, 256.09999999999997, 256.09999999999997, 256.09999999999997, 256.09999999999997, 256.09999999999997, 256.09999999999997, 256.09999999999997, 256.09999999999997]}