{"X": [18.72, 18.61873684210526, 18.517473684210525, 18.416210526315787, 18.314947368421052, 18.213684210526317, 18.11242105263158, 18.01115789473684, 17.909894736842105, 17.808631578947367, 17.707368421052628, 17.606105263157893, 17.504842105263158, 17.40357894736842, 17.302315789473685, 17.201052631578946, 17.099789473684208, 16.998526315789473, 16.897263157894734, 16.796, 16.694736842105264, 16.593473684210526, 16.492210526315787, 16.390947368421052, 16.289684210526314, 16.188421052631575, 16.08715789473684, 15.985894736842104, 15.884631578947367, 15.783368421052632, 15.682105263157894, 15.580842105263155, 15.47957894736842, 15.378315789473683, 15.277052631578949, 15.17578947368421, 15.074526315789473, 14.973263157894735, 14.872, 14.770736842105261, 14.669473684210526, 14.56821052631579, 14.466947368421051, 14.365684210526315, 14.26442105263158, 14.163157894736841, 14.061894736842106, 13.960631578947368, 13.859368421052631, 13.758105263157892, 13.656842105263157, 13.55557894736842, 13.454315789473686, 13.353052631578947, 13.251789473684209, 13.150526315789472, 13.049263157894737, 12.947999999999999, 12.846736842105264, 12.745473684210527, 12.644210526315788, 12.542947368421052, 12.441684210526315, 12.340421052631578, 12.239157894736842, 12.137894736842105, 12.036631578947368, 11.935368421052631, 11.834105263157895, 11.732842105263156, 11.631578947368421, 11.530315789473685, 11.429052631578946, 11.32778947368421, 11.226526315789474, 11.125263157894736, 11.024, 10.922736842105262, 10.821473684210526, 10.720210526315789, 10.618947368421052, 10.517684210526316, 10.416421052631579, 10.315157894736842, 10.213894736842104, 10.112631578947369, 10.011368421052632, 9.910105263157893, 9.808842105263157, 9.707578947368422, 9.606315789473683, 9.505052631578947, 9.40378947368421, 9.302526315789473, 9.201263157894736, 9.1], "Y": [1.954999999999999, 1.954999999999999, 1.954999999999999, 1.954999999999999, 1.954999999999999, 1.954999999999999, 1.954999999999999, 1.954999999999999, 1.954999999999999, 1.954999999999999, 1.954999999999999, 1.954999999999999, 1.954999999999999, 1.954999999999999, 1.954999999999999, 1.954999999999999, 1.954999999999999, 1.954999999999999, 1.954999999999999, 1.954999999999999, 1.954999999999999, 1.954999999999999, 1.954999999999999, 1.954999999999999, 1.9549999999999994, 1.9549999999999994, 1.9549999999999994, 1.9549999999999994, 1.9549999999999994, 1.9549999999999994, 1.9549999999999994, 1.9549999999999994, 1.9549999999999994, 1.9549999999999994, 1.9549999999999994, 1.9549999999999994, 1.9549999999999994, 1.9549999999999994, 1.9549999999999994, 1.9549999999999994, 1.9549999999999994, 1.9549999999999994, 1.9549999999999994, 1.9549999999999994, 1.9549999999999994, 1.9549999999999994, 1.9549999999999994, 1.9549999999999994, 1.9549999999999994, 1.9549999999999994, 1.9549999999999994, 1.9549999999999994, 1.9549999999999994, 1.9549999999999994, 1.9549999999999994, 1.9549999999999994, 1.9549999999999994, 1.9549999999999994, 1.9549999999999994, 1.9549999999999994, 1.9549999999999994, 1.9549999999999994, 1.9549999999999994, 1.9549999999999994, 1.9549999999999994, 1.9549999999999994, 1.9549999999999994, 1.9549999999999994, 1.9549999999999994, 1.9549999999999994, 1.9549999999999994, 1.9549999999999994, 1.9549999999999996, 1.9549999999999996, 1.9549999999999996, 1.9549999999999996, 1.9549999999999996, 1.9549999999999996, 1.9549999999999996, 1.9549999999999996, 1.9549999999999996, 1.9549999999999996, 1.9549999999999996, 1.9549999999999996, 1.9549999999999996, 1.9549999999999996, 1.9549999999999996, 1.9549999999999996, 1.9549999999999996, 1.9549999999999996, 1.9549999999999996, 1.9549999999999996, 1.9549999999999996, 1.9549999999999996, 1.9549999999999996, 1.9549999999999996]}