{"X": [1.8719999999999999, 1.8618736842105261, 1.8517473684210526, 1.8416210526315788, 1.831494736842105, 1.8213684210526315, 1.8112421052631578, 1.801115789473684, 1.7909894736842105, 1.7808631578947367, 1.770736842105263, 1.7606105263157894, 1.7504842105263156, 1.7403578947368419, 1.7302315789473683, 1.7201052631578946, 1.7099789473684208, 1.6998526315789473, 1.6897263157894735, 1.6795999999999998, 1.6694736842105262, 1.6593473684210525, 1.6492210526315787, 1.6390947368421052, 1.6289684210526314, 1.6188421052631576, 1.608715789473684, 1.5985894736842103, 1.5884631578947366, 1.578336842105263, 1.5682105263157893, 1.5580842105263155, 1.5479578947368422, 1.5378315789473682, 1.527705263157895, 1.5175789473684211, 1.5074526315789472, 1.4973263157894734, 1.4872, 1.4770736842105263, 1.4669473684210528, 1.456821052631579, 1.4466947368421053, 1.4365684210526313, 1.426442105263158, 1.4163157894736842, 1.4061894736842107, 1.396063157894737, 1.3859368421052631, 1.3758105263157894, 1.3656842105263158, 1.355557894736842, 1.3454315789473685, 1.3353052631578948, 1.325178947368421, 1.3150526315789473, 1.3049263157894737, 1.2948, 1.2846736842105264, 1.2745473684210527, 1.264421052631579, 1.2542947368421051, 1.2441684210526316, 1.2340421052631578, 1.223915789473684, 1.2137894736842105, 1.2036631578947368, 1.193536842105263, 1.1834105263157895, 1.1732842105263157, 1.163157894736842, 1.1530315789473684, 1.1429052631578946, 1.132778947368421, 1.1226526315789473, 1.1125263157894736, 1.1024, 1.0922736842105263, 1.0821473684210525, 1.072021052631579, 1.0618947368421052, 1.0517684210526315, 1.041642105263158, 1.0315157894736842, 1.0213894736842104, 1.0112631578947369, 1.001136842105263, 0.9910105263157893, 0.9808842105263157, 0.9707578947368422, 0.9606315789473683, 0.9505052631578947, 0.9403789473684211, 0.9302526315789472, 0.9201263157894737, 0.91], "Y": [-0.016000000000000084, -0.016000000000000084, -0.016000000000000084, -0.016000000000000084, -0.016000000000000084, -0.01600000000000008, -0.01600000000000008, -0.01600000000000008, -0.01600000000000008, -0.01600000000000008, -0.01600000000000008, -0.016000000000000077, -0.016000000000000077, -0.016000000000000077, -0.016000000000000073, -0.016000000000000073, -0.016000000000000073, -0.016000000000000073, -0.016000000000000073, -0.016000000000000073, -0.01600000000000007, -0.01600000000000007, -0.01600000000000007, -0.016000000000000066, -0.016000000000000066, -0.016000000000000066, -0.016000000000000066, -0.016000000000000066, -0.016000000000000066, -0.016000000000000063, -0.016000000000000063, -0.016000000000000063, -0.01600000000000006, -0.01600000000000006, -0.01600000000000006, -0.01600000000000006, -0.01600000000000006, -0.01600000000000006, -0.016000000000000056, -0.016000000000000056, -0.016000000000000056, -0.016000000000000056, -0.016000000000000056, -0.016000000000000056, -0.016000000000000052, -0.016000000000000052, -0.016000000000000052, -0.01600000000000005, -0.01600000000000005, -0.01600000000000005, -0.01600000000000005, -0.01600000000000005, -0.016000000000000045, -0.016000000000000045, -0.016000000000000045, -0.016000000000000042, -0.016000000000000042, -0.016000000000000042, -0.016000000000000042, -0.016000000000000042, -0.016000000000000042, -0.01600000000000004, -0.01600000000000004, -0.01600000000000004, -0.016000000000000035, -0.016000000000000035, -0.016000000000000035, -0.016000000000000035, -0.016000000000000035, -0.016000000000000035, -0.01600000000000003, -0.01600000000000003, -0.01600000000000003, -0.016000000000000028, -0.016000000000000028, -0.016000000000000028, -0.016000000000000028, -0.016000000000000028, -0.016000000000000028, -0.016000000000000025, -0.016000000000000025, -0.016000000000000025, -0.016000000000000025, -0.016000000000000025, -0.016000000000000025, -0.01600000000000002, -0.01600000000000002, -0.01600000000000002, -0.016000000000000018, -0.016000000000000018, -0.016000000000000018, -0.016000000000000018, -0.016000000000000018, -0.016000000000000018, -0.016000000000000014, -0.016000000000000014]}