{"X": [187.2, 186.1873684210526, 185.17473684210526, 184.16210526315788, 183.1494736842105, 182.13684210526316, 181.12421052631578, 180.1115789473684, 179.09894736842105, 178.08631578947367, 177.0736842105263, 176.06105263157895, 175.04842105263157, 174.0357894736842, 173.02315789473684, 172.01052631578946, 170.99789473684208, 169.98526315789474, 168.97263157894736, 167.95999999999998, 166.94736842105263, 165.93473684210525, 164.92210526315787, 163.90947368421052, 162.89684210526315, 161.88421052631577, 160.87157894736842, 159.85894736842104, 158.84631578947366, 157.83368421052631, 156.82105263157894, 155.80842105263156, 154.7957894736842, 153.78315789473683, 152.77052631578948, 151.7578947368421, 150.74526315789473, 149.73263157894735, 148.72, 147.70736842105262, 146.69473684210527, 145.6821052631579, 144.66947368421052, 143.65684210526314, 142.6442105263158, 141.6315789473684, 140.61894736842106, 139.60631578947368, 138.5936842105263, 137.58105263157893, 136.56842105263158, 135.5557894736842, 134.54315789473685, 133.53052631578947, 132.5178947368421, 131.50526315789472, 130.49263157894737, 129.48, 128.46736842105264, 127.45473684210526, 126.44210526315788, 125.42947368421052, 124.41684210526316, 123.40421052631578, 122.39157894736842, 121.37894736842105, 120.36631578947367, 119.35368421052631, 118.34105263157895, 117.32842105263157, 116.3157894736842, 115.30315789473684, 114.29052631578946, 113.2778947368421, 112.26526315789474, 111.25263157894736, 110.24, 109.22736842105263, 108.21473684210525, 107.20210526315789, 106.18947368421053, 105.17684210526315, 104.16421052631578, 103.15157894736842, 102.13894736842104, 101.12631578947368, 100.11368421052632, 99.10105263157894, 98.08842105263157, 97.07578947368421, 96.06315789473683, 95.05052631578947, 94.0378947368421, 93.02526315789473, 92.01263157894736, 91.0], "Y": [-1.6000000000000085, -1.6000000000000085, -1.6000000000000083, -1.6000000000000083, -1.6000000000000083, -1.600000000000008, -1.600000000000008, -1.600000000000008, -1.6000000000000079, -1.6000000000000079, -1.6000000000000079, -1.6000000000000076, -1.6000000000000076, -1.6000000000000076, -1.6000000000000074, -1.6000000000000074, -1.6000000000000074, -1.6000000000000072, -1.6000000000000072, -1.6000000000000072, -1.600000000000007, -1.600000000000007, -1.600000000000007, -1.6000000000000068, -1.6000000000000068, -1.6000000000000068, -1.6000000000000065, -1.6000000000000065, -1.6000000000000065, -1.6000000000000063, -1.6000000000000063, -1.6000000000000063, -1.600000000000006, -1.600000000000006, -1.600000000000006, -1.6000000000000059, -1.6000000000000059, -1.6000000000000059, -1.6000000000000056, -1.6000000000000056, -1.6000000000000056, -1.6000000000000054, -1.6000000000000054, -1.6000000000000054, -1.6000000000000052, -1.6000000000000052, -1.6000000000000052, -1.600000000000005, -1.600000000000005, -1.6000000000000048, -1.6000000000000048, -1.6000000000000048, -1.6000000000000045, -1.6000000000000045, -1.6000000000000045, -1.6000000000000043, -1.6000000000000043, -1.6000000000000043, -1.600000000000004, -1.600000000000004, -1.600000000000004, -1.6000000000000039, -1.6000000000000039, -1.6000000000000039, -1.6000000000000036, -1.6000000000000036, -1.6000000000000036, -1.6000000000000034, -1.6000000000000034, -1.6000000000000034, -1.6000000000000032, -1.6000000000000032, -1.6000000000000032, -1.600000000000003, -1.600000000000003, -1.600000000000003, -1.6000000000000028, -1.6000000000000028, -1.6000000000000028, -1.6000000000000025, -1.6000000000000025, -1.6000000000000025, -1.6000000000000023, -1.6000000000000023, -1.6000000000000023, -1.600000000000002, -1.600000000000002, -1.600000000000002, -1.6000000000000019, -1.6000000000000019, -1.6000000000000019, -1.6000000000000016, -1.6000000000000016, -1.6000000000000016, -1.6000000000000014, -1.6000000000000014]}