{"X": [-187.1, -186.080412371134, -185.06082474226804, -184.04123711340205, -183.02164948453608, -182.0020618556701, -180.98247422680413, -179.96288659793814, -178.94329896907215, -177.92371134020618, -176.9041237113402, -175.88453608247423, -174.86494845360824, -173.84536082474227, -172.82577319587628, -171.80618556701032, -170.78659793814433, -169.76701030927836, -168.74742268041237, -167.72783505154638, -166.70824742268042, -165.68865979381442, -164.66907216494846, -163.64948453608247, -162.6298969072165, -161.6103092783505, -160.59072164948452, -159.57113402061856, -158.55154639175257, -157.5319587628866, -156.5123711340206, -155.49278350515465, -154.47319587628866, -153.45360824742266, -152.4340206185567, -151.4144329896907, -150.39484536082475, -149.37525773195875, -148.3556701030928, -147.3360824742268, -146.3164948453608, -145.29690721649484, -144.27731958762885, -143.2577319587629, -142.2381443298969, -141.21855670103093, -140.19896907216494, -139.17938144329895, -138.159793814433, -137.14020618556702, -136.12061855670103, -135.10103092783504, -134.08144329896908, -133.0618556701031, -132.0422680412371, -131.02268041237113, -130.00309278350517, -128.98350515463918, -127.9639175257732, -126.94432989690722, -125.92474226804123, -124.90515463917527, -123.88556701030927, -122.8659793814433, -121.84639175257732, -120.82680412371134, -119.80721649484536, -118.78762886597939, -117.76804123711341, -116.74845360824742, -115.72886597938144, -114.70927835051548, -113.68969072164948, -112.6701030927835, -111.65051546391753, -110.63092783505155, -109.61134020618557, -108.5917525773196, -107.5721649484536, -106.55257731958763, -105.53298969072165, -104.51340206185567, -103.4938144329897, -102.47422680412372, -101.45463917525773, -100.43505154639176, -99.41546391752578, -98.39587628865979, -97.37628865979381, -96.35670103092784, -95.33711340206186, -94.31752577319588, -93.2979381443299, -92.27835051546391, -91.25876288659794, -90.23917525773197, -89.21958762886598, -88.2], "Y": [-23.449999999999953, -23.449999999999953, -23.449999999999953, -23.449999999999953, -23.449999999999953, -23.449999999999953, -23.449999999999953, -23.449999999999953, -23.449999999999953, -23.449999999999953, -23.449999999999953, -23.449999999999953, -23.449999999999953, -23.449999999999953, -23.449999999999953, -23.449999999999953, -23.449999999999953, -23.449999999999953, -23.449999999999953, -23.449999999999953, -23.449999999999953, -23.449999999999953, -23.449999999999953, -23.449999999999953, -23.449999999999953, -23.449999999999953, -23.449999999999953, -23.449999999999953, -23.449999999999953, -23.449999999999953, -23.449999999999953, -23.449999999999953, -23.449999999999953, -23.449999999999953, -23.449999999999953, -23.449999999999953, -23.449999999999953, -23.449999999999953, -23.449999999999953, -23.449999999999953, -23.449999999999953, -23.449999999999953, -23.449999999999953, -23.449999999999953, -23.449999999999953, -23.449999999999953, -23.449999999999953, -23.449999999999953, -23.449999999999953, -23.449999999999953, -23.449999999999953, -23.449999999999953, -23.449999999999953, -23.449999999999953, -23.449999999999953, -23.449999999999953, -23.449999999999953, -23.449999999999953, -23.449999999999953, -23.449999999999953, -23.449999999999953, -23.449999999999953, -23.449999999999953, -23.449999999999953, -23.449999999999953, -23.449999999999953, -23.449999999999953, -23.449999999999953, -23.449999999999953, -23.449999999999953, -23.449999999999953, -23.449999999999953, -23.449999999999953, -23.449999999999953, -23.449999999999953, -23.449999999999953, -23.449999999999953, -23.449999999999953, -23.449999999999953, -23.449999999999953, -23.449999999999953, -23.449999999999953, -23.449999999999953, -23.449999999999953, -23.449999999999953, -23.449999999999953, -23.449999999999953, -23.449999999999953, -23.449999999999953, -23.449999999999953, -23.449999999999953, -23.449999999999953, -23.449999999999953, -23.449999999999953, -23.449999999999953, -23.449999999999953, -23.449999999999953, -23.449999999999953]}