{"X": [-18.71, -18.6080412371134, -18.506082474226805, -18.404123711340205, -18.30216494845361, -18.20020618556701, -18.098247422680412, -17.996288659793812, -17.894329896907216, -17.79237113402062, -17.69041237113402, -17.588453608247423, -17.486494845360824, -17.384536082474227, -17.282577319587627, -17.18061855670103, -17.07865979381443, -16.976701030927835, -16.87474226804124, -16.77278350515464, -16.670824742268042, -16.568865979381442, -16.466907216494846, -16.364948453608246, -16.26298969072165, -16.16103092783505, -16.059072164948454, -15.957113402061855, -15.855154639175257, -15.753195876288661, -15.651237113402061, -15.549278350515465, -15.447319587628865, -15.345360824742267, -15.24340206185567, -15.14144329896907, -15.039484536082474, -14.937525773195876, -14.83556701030928, -14.73360824742268, -14.63164948453608, -14.529690721649484, -14.427731958762886, -14.32577319587629, -14.22381443298969, -14.121855670103093, -14.019896907216495, -13.917938144329895, -13.815979381443299, -13.714020618556702, -13.612061855670103, -13.510103092783504, -13.408144329896908, -13.306185567010312, -13.20422680412371, -13.102268041237114, -13.000309278350517, -12.898350515463918, -12.79639175257732, -12.694432989690721, -12.592474226804123, -12.490515463917527, -12.388556701030927, -12.286597938144329, -12.184639175257733, -12.082680412371134, -11.980721649484536, -11.878762886597938, -11.77680412371134, -11.674845360824742, -11.572886597938144, -11.470927835051548, -11.368969072164948, -11.267010309278351, -11.165051546391753, -11.063092783505155, -10.961134020618557, -10.859175257731959, -10.75721649484536, -10.655257731958763, -10.553298969072165, -10.451340206185566, -10.34938144329897, -10.247422680412372, -10.145463917525772, -10.043505154639176, -9.941546391752578, -9.83958762886598, -9.737628865979381, -9.635670103092783, -9.533711340206185, -9.431752577319589, -9.32979381443299, -9.227835051546391, -9.125876288659793, -9.023917525773197, -8.921958762886598, -8.82], "Y": [-2.3449999999999953, -2.3449999999999953, -2.3449999999999953, -2.3449999999999953, -2.3449999999999953, -2.3449999999999953, -2.3449999999999953, -2.3449999999999953, -2.3449999999999953, -2.3449999999999953, -2.3449999999999953, -2.3449999999999953, -2.3449999999999953, -2.3449999999999953, -2.3449999999999953, -2.3449999999999953, -2.3449999999999953, -2.3449999999999953, -2.3449999999999953, -2.3449999999999953, -2.3449999999999953, -2.3449999999999953, -2.3449999999999953, -2.3449999999999953, -2.3449999999999953, -2.3449999999999953, -2.3449999999999953, -2.3449999999999953, -2.3449999999999953, -2.3449999999999953, -2.3449999999999953, -2.3449999999999953, -2.3449999999999953, -2.3449999999999953, -2.3449999999999953, -2.3449999999999953, -2.3449999999999953, -2.3449999999999953, -2.3449999999999953, -2.3449999999999953, -2.3449999999999953, -2.3449999999999953, -2.3449999999999953, -2.3449999999999953, -2.3449999999999953, -2.3449999999999953, -2.3449999999999953, -2.3449999999999953, -2.3449999999999953, -2.3449999999999953, -2.3449999999999953, -2.3449999999999953, -2.3449999999999953, -2.3449999999999953, -2.3449999999999953, -2.3449999999999953, -2.3449999999999953, -2.3449999999999953, -2.3449999999999953, -2.3449999999999953, -2.3449999999999953, -2.3449999999999953, -2.3449999999999953, -2.3449999999999953, -2.3449999999999953, -2.3449999999999953, -2.3449999999999953, -2.3449999999999953, -2.3449999999999953, -2.3449999999999953, -2.3449999999999953, -2.3449999999999953, -2.3449999999999953, -2.3449999999999953, -2.3449999999999953, -2.3449999999999953, -2.3449999999999953, -2.3449999999999953, -2.3449999999999953, -2.3449999999999953, -2.3449999999999953, -2.3449999999999953, -2.3449999999999953, -2.3449999999999953, -2.3449999999999953, -2.3449999999999953, -2.3449999999999953, -2.3449999999999953, -2.3449999999999953, -2.3449999999999953, -2.3449999999999953, -2.3449999999999953, -2.3449999999999953, -2.3449999999999953, -2.3449999999999953, -2.3449999999999953, -2.3449999999999953, -2.3449999999999953]}