{"X": [-1.871, -1.860831818181818, -1.8506636363636364, -1.8404954545454544, -1.8303272727272728, -1.8201590909090908, -1.8099909090909092, -1.7998227272727272, -1.7896545454545454, -1.7794863636363636, -1.7693181818181818, -1.75915, -1.7489818181818182, -1.7388136363636364, -1.7286454545454546, -1.7184772727272728, -1.7083090909090908, -1.698140909090909, -1.6879727272727272, -1.6778045454545454, -1.6676363636363636, -1.6574681818181818, -1.6473, -1.6371318181818182, -1.6269636363636364, -1.6167954545454546, -1.6066272727272726, -1.5964590909090908, -1.586290909090909, -1.5761227272727274, -1.5659545454545454, -1.5557863636363636, -1.5456181818181818, -1.53545, -1.5252818181818182, -1.5151136363636362, -1.5049454545454546, -1.4947772727272726, -1.4846090909090908, -1.474440909090909, -1.4642727272727274, -1.4541045454545454, -1.4439363636363636, -1.4337681818181818, -1.4235999999999998, -1.4134318181818182, -1.4032636363636362, -1.3930954545454546, -1.3829272727272726, -1.372759090909091, -1.362590909090909, -1.3524227272727274, -1.3422545454545454, -1.3320863636363633, -1.3219181818181818, -1.3117500000000002, -1.3015818181818182, -1.2914136363636362, -1.2812454545454546, -1.2710772727272726, -1.260909090909091, -1.250740909090909, -1.2405727272727274, -1.2304045454545454, -1.2202363636363638, -1.2100681818181818, -1.1999, -1.1897318181818182, -1.1795636363636364, -1.1693954545454546, -1.1592272727272728, -1.1490590909090908, -1.1388909090909092, -1.1287227272727272, -1.1185545454545456, -1.1083863636363638, -1.0982181818181818, -1.08805, -1.0778818181818182, -1.0677136363636364, -1.0575454545454546, -1.0473772727272728, -1.037209090909091, -1.0270409090909092, -1.0168727272727274, -1.0067045454545456, -0.9965363636363636, -0.9863681818181819, -0.9762, -0.9660318181818183, -0.9558636363636362, -0.9456954545454545, -0.9355272727272728, -0.9253590909090909, -0.9151909090909092, -0.9050227272727273, -0.8948545454545455, -0.8846863636363637, -0.8745181818181819, -0.8643500000000001, -0.8541818181818183, -0.8440136363636362, -0.8338454545454546, -0.8236772727272726, -0.813509090909091, -0.803340909090909, -0.7931727272727273, -0.7830045454545455, -0.7728363636363637, -0.7626681818181819, -0.7525], "Y": [-0.4459999999999995, -0.4459999999999995, -0.4459999999999995, -0.4459999999999995, -0.4459999999999995, -0.4459999999999995, -0.4459999999999995, -0.4459999999999995, -0.4459999999999995, -0.4459999999999995, -0.4459999999999995, -0.4459999999999995, -0.4459999999999995, -0.4459999999999995, -0.4459999999999995, -0.4459999999999995, -0.4459999999999995, -0.4459999999999995, -0.4459999999999995, -0.4459999999999995, -0.4459999999999995, -0.4459999999999995, -0.4459999999999995, -0.4459999999999995, -0.4459999999999995, -0.4459999999999995, -0.4459999999999995, -0.4459999999999995, -0.4459999999999995, -0.4459999999999995, -0.4459999999999995, -0.4459999999999995, -0.4459999999999995, -0.4459999999999995, -0.4459999999999995, -0.4459999999999995, -0.4459999999999995, -0.4459999999999995, -0.4459999999999995, -0.4459999999999995, -0.4459999999999995, -0.4459999999999995, -0.4459999999999995, -0.4459999999999995, -0.4459999999999995, -0.4459999999999995, -0.4459999999999995, -0.4459999999999995, -0.4459999999999995, -0.4459999999999995, -0.4459999999999995, -0.4459999999999995, -0.4459999999999995, -0.4459999999999995, -0.4459999999999995, -0.4459999999999995, -0.4459999999999995, -0.4459999999999995, -0.4459999999999995, -0.4459999999999995, -0.4459999999999995, -0.4459999999999995, -0.4459999999999995, -0.4459999999999995, -0.4459999999999995, -0.4459999999999995, -0.4459999999999995, -0.4459999999999995, -0.4459999999999995, -0.4459999999999995, -0.4459999999999995, -0.4459999999999995, -0.4459999999999995, -0.4459999999999995, -0.4459999999999995, -0.4459999999999995, -0.4459999999999995, -0.4459999999999995, -0.4459999999999995, -0.4459999999999995, -0.4459999999999995, -0.4459999999999995, -0.4459999999999995, -0.4459999999999995, -0.4459999999999995, -0.4459999999999995, -0.4459999999999995, -0.4459999999999995, -0.4459999999999995, -0.4459999999999995, -0.4459999999999995, -0.4459999999999995, -0.4459999999999995, -0.4459999999999995, -0.4459999999999995, -0.4459999999999995, -0.4459999999999995, -0.4459999999999995, -0.4459999999999995, -0.4459999999999995, -0.4459999999999995, -0.4459999999999995, -0.4459999999999995, -0.4459999999999995, -0.4459999999999995, -0.4459999999999995, -0.4459999999999995, -0.4459999999999995, -0.4459999999999995, -0.4459999999999995, -0.4459999999999995]}