{"X": [0.91, 0.9202678571428571, 0.9305357142857144, 0.9408035714285714, 0.9510714285714286, 0.9613392857142857, 0.9716071428571428, 0.981875, 0.9921428571428571, 1.0024107142857144, 1.0126785714285713, 1.0229464285714287, 1.0332142857142856, 1.0434821428571428, 1.05375, 1.0640178571428571, 1.0742857142857143, 1.0845535714285715, 1.0948214285714286, 1.1050892857142858, 1.1153571428571427, 1.125625, 1.135892857142857, 1.1461607142857142, 1.1564285714285714, 1.1666964285714285, 1.1769642857142857, 1.1872321428571428, 1.1975, 1.2077678571428572, 1.2180357142857143, 1.2283035714285715, 1.2385714285714287, 1.2488392857142856, 1.2591071428571428, 1.269375, 1.279642857142857, 1.2899107142857142, 1.3001785714285714, 1.3104464285714286, 1.3207142857142855, 1.3309821428571427, 1.34125, 1.3515178571428572, 1.3617857142857142, 1.3720535714285713, 1.3823214285714287, 1.3925892857142856, 1.4028571428571428, 1.413125, 1.4233928571428571, 1.433660714285714, 1.4439285714285715, 1.4541964285714286, 1.4644642857142856, 1.4747321428571427, 1.485], "Y": [-0.4459999999999997, -0.4459999999999997, -0.4459999999999997, -0.4459999999999997, -0.4459999999999997, -0.4459999999999997, -0.4459999999999997, -0.4459999999999997, -0.44599999999999973, -0.44599999999999973, -0.44599999999999973, -0.44599999999999973, -0.44599999999999973, -0.44599999999999973, -0.44599999999999973, -0.44599999999999973, -0.44599999999999973, -0.44599999999999973, -0.44599999999999973, -0.44599999999999973, -0.44599999999999973, -0.4459999999999998, -0.4459999999999998, -0.4459999999999998, -0.4459999999999998, -0.4459999999999998, -0.4459999999999998, -0.4459999999999998, -0.4459999999999998, -0.4459999999999998, -0.4459999999999998, -0.4459999999999998, -0.4459999999999998, -0.4459999999999998, -0.4459999999999998, -0.4459999999999998, -0.4459999999999999, -0.4459999999999999, -0.4459999999999999, -0.4459999999999999, -0.4459999999999999, -0.4459999999999999, -0.4459999999999999, -0.4459999999999999, -0.4459999999999999, -0.4459999999999999, -0.4459999999999999, -0.4459999999999999, -0.4459999999999999, -0.44599999999999995, -0.44599999999999995, -0.44599999999999995, -0.44599999999999995, -0.44599999999999995, -0.44599999999999995, -0.44599999999999995, -0.44599999999999995]}