{"X": [9.1, 9.20267857142857, 9.305357142857144, 9.408035714285713, 9.510714285714286, 9.613392857142857, 9.716071428571428, 9.81875, 9.92142857142857, 10.024107142857144, 10.126785714285713, 10.229464285714286, 10.332142857142857, 10.434821428571428, 10.5375, 10.64017857142857, 10.742857142857144, 10.845535714285713, 10.948214285714286, 11.050892857142857, 11.153571428571428, 11.25625, 11.35892857142857, 11.461607142857144, 11.564285714285713, 11.666964285714286, 11.769642857142857, 11.872321428571428, 11.975, 12.07767857142857, 12.180357142857144, 12.283035714285713, 12.385714285714286, 12.488392857142857, 12.591071428571428, 12.69375, 12.79642857142857, 12.899107142857142, 13.001785714285713, 13.104464285714286, 13.207142857142856, 13.309821428571428, 13.4125, 13.515178571428573, 13.617857142857142, 13.720535714285713, 13.823214285714286, 13.925892857142856, 14.028571428571428, 14.13125, 14.233928571428573, 14.336607142857142, 14.439285714285713, 14.541964285714286, 14.644642857142856, 14.747321428571428, 14.85], "Y": [-4.459999999999996, -4.459999999999996, -4.459999999999996, -4.459999999999996, -4.459999999999996, -4.459999999999996, -4.459999999999996, -4.459999999999996, -4.459999999999997, -4.459999999999997, -4.459999999999997, -4.459999999999997, -4.459999999999997, -4.459999999999997, -4.459999999999997, -4.459999999999997, -4.459999999999997, -4.459999999999997, -4.459999999999997, -4.459999999999997, -4.459999999999997, -4.459999999999998, -4.459999999999998, -4.459999999999998, -4.459999999999998, -4.459999999999998, -4.459999999999998, -4.459999999999998, -4.459999999999998, -4.459999999999998, -4.459999999999998, -4.459999999999998, -4.459999999999998, -4.459999999999998, -4.459999999999998, -4.459999999999998, -4.459999999999999, -4.459999999999999, -4.459999999999999, -4.459999999999999, -4.459999999999999, -4.459999999999999, -4.459999999999999, -4.459999999999999, -4.459999999999999, -4.459999999999999, -4.459999999999999, -4.459999999999999, -4.459999999999999, -4.459999999999999, -4.459999999999999, -4.459999999999999, -4.459999999999999, -4.459999999999999, -4.459999999999999, -4.459999999999999, -4.459999999999999]}