{"X": [91.0, 92.02678571428571, 93.05357142857143, 94.08035714285714, 95.10714285714286, 96.13392857142857, 97.16071428571428, 98.1875, 99.21428571428571, 100.24107142857143, 101.26785714285714, 102.29464285714286, 103.32142857142857, 104.34821428571428, 105.375, 106.40178571428571, 107.42857142857143, 108.45535714285714, 109.48214285714286, 110.50892857142857, 111.53571428571428, 112.5625, 113.58928571428571, 114.61607142857143, 115.64285714285714, 116.66964285714286, 117.69642857142857, 118.72321428571428, 119.75, 120.77678571428571, 121.80357142857143, 122.83035714285714, 123.85714285714286, 124.88392857142857, 125.91071428571428, 126.9375, 127.96428571428571, 128.99107142857142, 130.01785714285714, 131.04464285714286, 132.07142857142856, 133.09821428571428, 134.125, 135.15178571428572, 136.17857142857142, 137.20535714285714, 138.23214285714286, 139.25892857142856, 140.28571428571428, 141.3125, 142.33928571428572, 143.36607142857142, 144.39285714285714, 145.41964285714286, 146.44642857142856, 147.47321428571428, 148.5], "Y": [-44.599999999999966, -44.599999999999966, -44.599999999999966, -44.599999999999966, -44.599999999999966, -44.599999999999966, -44.599999999999966, -44.599999999999966, -44.59999999999997, -44.59999999999997, -44.59999999999997, -44.59999999999997, -44.59999999999997, -44.59999999999997, -44.59999999999997, -44.59999999999997, -44.59999999999997, -44.59999999999997, -44.59999999999997, -44.59999999999997, -44.59999999999997, -44.59999999999998, -44.59999999999998, -44.59999999999998, -44.59999999999998, -44.59999999999998, -44.59999999999998, -44.59999999999998, -44.59999999999998, -44.59999999999998, -44.59999999999998, -44.59999999999998, -44.59999999999998, -44.59999999999998, -44.59999999999998, -44.59999999999998, -44.59999999999999, -44.59999999999999, -44.59999999999999, -44.59999999999999, -44.59999999999999, -44.59999999999999, -44.59999999999999, -44.59999999999999, -44.59999999999999, -44.59999999999999, -44.59999999999999, -44.59999999999999, -44.59999999999999, -44.599999999999994, -44.599999999999994, -44.599999999999994, -44.599999999999994, -44.599999999999994, -44.599999999999994, -44.599999999999994, -44.599999999999994]}