{"X": [-0.7525, -0.7422087101881687, -0.7319230767756963, -0.7216487530530163, -0.71139138609442, -0.7011566136542559, -0.6909500610682522, -0.6807773381616653, -0.670644036165952, -0.6605557246456627, -0.6505179484372424, -0.6405362246014241, -0.6306160393908873, -0.6207628452348505, -0.6109820577422534, -0.6012790527251778, -0.5916591632441398, -0.5821276766768824, -0.5726898318122737, -0.563350815970914, -0.554115762154029, -0.5449897462222199, -0.5359777841056187, -0.5270848290469844, -0.5183157688792527, -0.5096754233390374, -0.5011685414175604, -0.49279979875046365, -0.48457379504794135, -0.47649505156660155, -0.46856800862444975, -0.4607970231603572, -0.4531863663393578, -0.44574022120508855, -0.438462680380664, -0.4313577438192493, -0.4244293166055661, -0.41768120680954235, -0.4111171233932829, -0.40474067417251425, -0.39855536383362117, -0.39256459200736665, -0.38677165140035386, -0.38117972598525623, -0.3757918892508117, -0.3706111025125411, -0.3656402132851215, -0.36088195371730725, -0.3563389390902597, -0.3520136663801104, -0.3479085128855489, -0.344025734921189, -0.3403674665774304, -0.33693571854749943, -0.333732377022312, -0.33075920265376707, -0.32801782958703996, -0.3255097645624071, -0.3232363860870971, -0.3211989436776221, -0.3193985571730061, -0.31783621611928825, -0.3165127792256387, -0.3154289738923868, -0.3145853958112195, -0.31398250863777266, -0.3136206437367908, -0.3135], "Y": [2.5609999999999995, 2.5608793562632086, 2.5605174913622273, 2.55991460418878, 2.559071026107613, 2.557987220774361, 2.5566637838807114, 2.5551014428269934, 2.5533010563223772, 2.551263613912903, 2.5489902354375924, 2.5464821704129594, 2.5437407973462327, 2.540767622977688, 2.5375642814525, 2.5341325334225693, 2.5304742650788103, 2.526591487114451, 2.5224863336198893, 2.51816106090974, 2.5136180462826925, 2.508859786714878, 2.5038888974874585, 2.498708110749188, 2.4933202740147435, 2.4877283485996458, 2.481935407992633, 2.4759446361663784, 2.4697593258274857, 2.4633828766067167, 2.456818793190457, 2.4500706833944337, 2.4431422561807503, 2.4360373196193357, 2.428759778794911, 2.421313633660642, 2.4137029768396423, 2.40593199137555, 2.398004948433398, 2.3899262049520584, 2.381700201249536, 2.373331458582439, 2.364824576660962, 2.3561842311207473, 2.347415170953015, 2.338522215894381, 2.3295102537777796, 2.3203842378459707, 2.3111491840290856, 2.301810168187726, 2.292372323323117, 2.28284083675586, 2.273220947274822, 2.263517942257746, 2.2537371547651492, 2.243883960609112, 2.2339637753985757, 2.2239820515627575, 2.213944275354337, 2.2038559638340476, 2.1937226618383345, 2.183549938931747, 2.173343386345744, 2.1631086139055795, 2.152851246946983, 2.1425769232243033, 2.132291289811831, 2.1219999999999994]}