{"X": [-75.25, -74.22087101881687, -73.19230767756963, -72.16487530530163, -71.139138609442, -70.11566136542558, -69.09500610682522, -68.07773381616653, -67.0644036165952, -66.05557246456627, -65.05179484372424, -64.0536224601424, -63.06160393908873, -62.07628452348504, -61.09820577422535, -60.12790527251778, -59.165916324413985, -58.21276766768824, -57.26898318122737, -56.335081597091396, -55.4115762154029, -54.498974622221986, -53.597778410561865, -52.70848290469844, -51.831576887925266, -50.96754233390374, -50.11685414175604, -49.279979875046365, -48.45737950479413, -47.649505156660155, -46.85680086244498, -46.07970231603572, -45.31863663393578, -44.57402212050886, -43.8462680380664, -43.13577438192493, -42.44293166055661, -41.76812068095423, -41.111712339328285, -40.474067417251426, -39.855536383362114, -39.256459200736664, -38.677165140035385, -38.117972598525625, -37.57918892508117, -37.06111025125411, -36.56402132851215, -36.08819537173073, -35.63389390902597, -35.20136663801104, -34.79085128855489, -34.4025734921189, -34.03674665774304, -33.69357185474994, -33.3732377022312, -33.07592026537671, -32.801782958703996, -32.55097645624071, -32.32363860870971, -32.11989436776221, -31.93985571730061, -31.783621611928822, -31.65127792256387, -31.542897389238675, -31.458539581121954, -31.398250863777264, -31.362064373679083, -31.35], "Y": [256.09999999999997, 256.08793562632087, 256.0517491362227, 255.991460418878, 255.90710261076129, 255.79872207743608, 255.66637838807114, 255.51014428269934, 255.33010563223775, 255.12636139129026, 254.89902354375926, 254.64821704129596, 254.37407973462325, 254.07676229776877, 253.75642814525003, 253.41325334225692, 253.04742650788106, 252.65914871144508, 252.24863336198894, 251.816106090974, 251.36180462826923, 250.8859786714878, 250.38888974874587, 249.8708110749188, 249.33202740147433, 248.77283485996458, 248.1935407992633, 247.59446361663785, 246.97593258274856, 246.33828766067168, 245.68187931904572, 245.00706833944335, 244.31422561807503, 243.60373196193356, 242.8759778794911, 242.1313633660642, 241.37029768396422, 240.593199137555, 239.8004948433398, 238.99262049520584, 238.1700201249536, 237.3331458582439, 236.48245766609622, 235.6184231120747, 234.7415170953015, 233.8522215894381, 232.95102537777797, 232.03842378459706, 231.11491840290856, 230.1810168187726, 229.23723233231172, 228.28408367558598, 227.32209472748218, 226.3517942257746, 225.37371547651492, 224.38839606091122, 223.39637753985755, 222.39820515627574, 221.3944275354337, 220.38559638340476, 219.37226618383343, 218.35499389317474, 217.33433863457438, 216.31086139055796, 215.2851246946983, 214.25769232243033, 213.2291289811831, 212.19999999999996]}