{"X": [-0.7525, -0.7404794723240861, -0.7284630496473613, -0.7164548355671614, -0.7044589308775945, -0.692479432169122, -0.6805204304295788, -0.6685860096471026, -0.6566802454154583, -0.6448072035422234, -0.632970938660321, -0.6211754928433648, -0.6094248942252954, -0.5977231556247764, -0.5860742731748196, -0.5744822249581101, -0.5629509696484942, -0.5514844451590968, -0.5400865672975259, -0.5287612284286298, -0.517512296145257, -0.5063436119474771, -0.4952589899307121, -0.4842622154832257, -0.47335704399341777, -0.4625471995673618, -0.4518363737570263, -0.44122822429961317, -0.4307263738684439, -0.42033440883582, -0.41005587804828003, -0.39989429161467166, -0.389853119707453, -0.3799357913776314, -0.3701456933837462, -0.36048616903529374, -0.35096051705098963, -0.3415719904322603, -0.33232379535234485, -0.32321909006139093, -0.31426098380791456, -0.3054525357769946, -0.29679675404556427, -0.2882965945551551, -0.27995496010244614, -0.2717746993479613, -0.2637586058432539, -0.2559094170769125, -0.2482298135397101, -0.2407224178092192, -0.2333897936542042, -0.2262344451590967, -0.21925881586885268, -0.21246528795448427, -0.2058561813995508, -0.19943375320788598, -0.19320019663283375, -0.18715764042825392, -0.18130814812155444, -0.17565371730899976, -0.17019627897353196, -0.1649376968253432, -0.15987976666541953, -0.15502421577227707, -0.15037270231209768, -0.14592681477246658, -0.14168807141990578, -0.13765791978138686, -0.13383773615000266, -0.13022882511496328, -0.1268324191160812, -0.12364967802289364, -0.12068168873856798, -0.11792946482872602, -0.11539394617531151, -0.11307599865562189, -0.1109764138466116, -0.10909590875456956, -0.10743512557026193, -0.10599463144962443, -0.10477491832007998, -0.10377640271254492, -0.10299942561918428, -0.10244425237696361, -0.10211107257703674, -0.10200000000000004], "Y": [2.5609999999999995, 2.560925040951085, 2.5607001894027865, 2.5603255221417034, 2.5598011671163605, 2.55912730339352, 2.5583041610970247, 2.557332021329216, 2.556211216074933, 2.5549421280881432, 2.5535251907612326, 2.5519608879769993, 2.5502497539434112, 2.5483923730111737, 2.546389379474173, 2.544241457352867, 2.541949340160693, 2.539513810653572, 2.5369357005625996, 2.53421589031001, 2.531355308708512, 2.5283549326441026, 2.52521578674246, 2.521938943019032, 2.5185255205129504, 2.514976684904872, 2.5112936481189068, 2.507477667908743, 2.503530047428127, 2.499452134785835, 2.4952453225853004, 2.4909110474490346, 2.4864507895280266, 2.4818660719962695, 2.4771584605306014, 2.4723295627760247, 2.4673810277966988, 2.4623145455127853, 2.457131846123344, 2.451834699515467, 2.446424914659869, 2.4409043389931218, 2.435274857786759, 2.4295383935034547, 2.423696905140506, 2.417752387560838, 2.411706870811759, 2.4055624194316994, 2.3993211317451766, 2.392985139146219, 2.3865566053704934, 2.3800377257563956, 2.3734307264953416, 2.3667378638715264, 2.359961423491405, 2.3531037195031588, 2.346167093806418, 2.3391539152525023, 2.332066578835464, 2.324907504874197, 2.3176791381859, 2.3103839472511747, 2.3030244233710433, 2.2956030798161677, 2.288122450968574, 2.28058509145616, 2.272993575280294, 2.265350494936796, 2.2576584605306014, 2.249920098884413, 2.242138052641644, 2.234314979363957, 2.226453550623709, 2.218556451091614, 2.210626377619927, 2.202666038321474, 2.1946781516448324, 2.1866654454459855, 2.178630656056759, 2.1705765273503683, 2.1625058098043892, 2.1544212595614693, 2.1463256374881103, 2.138221708231834, 2.1301122392770577, 2.1219999999999994]}