{"X": [-75.25, -74.0479472324086, -72.84630496473613, -71.64548355671614, -70.44589308775944, -69.2479432169122, -68.05204304295788, -66.85860096471026, -65.66802454154583, -64.48072035422234, -63.2970938660321, -62.11754928433648, -60.94248942252955, -59.772315562477644, -58.607427317481964, -57.448222495811, -56.29509696484943, -55.148444515909674, -54.00865672975259, -52.87612284286298, -51.7512296145257, -50.63436119474771, -49.52589899307121, -48.426221548322566, -47.33570439934178, -46.25471995673618, -45.18363737570263, -44.12282242996132, -43.07263738684439, -42.033440883582, -41.005587804828004, -39.989429161467164, -38.9853119707453, -37.99357913776314, -37.01456933837462, -36.04861690352937, -35.096051705098965, -34.15719904322603, -33.232379535234486, -32.321909006139094, -31.42609838079146, -30.545253577699462, -29.679675404556427, -28.82965945551551, -27.995496010244615, -27.17746993479613, -26.375860584325387, -25.59094170769125, -24.82298135397101, -24.07224178092192, -23.33897936542042, -22.623444515909668, -21.925881586885268, -21.246528795448427, -20.58561813995508, -19.943375320788597, -19.320019663283375, -18.71576404282539, -18.130814812155442, -17.565371730899976, -17.019627897353196, -16.49376968253432, -15.987976666541954, -15.502421577227707, -15.037270231209767, -14.592681477246657, -14.168807141990577, -13.765791978138687, -13.383773615000266, -13.022882511496327, -12.683241911608121, -12.364967802289364, -12.068168873856798, -11.792946482872601, -11.539394617531151, -11.307599865562189, -11.09764138466116, -10.909590875456956, -10.743512557026193, -10.599463144962442, -10.477491832007999, -10.377640271254492, -10.299942561918428, -10.244425237696362, -10.211107257703674, -10.200000000000003], "Y": [256.09999999999997, 256.0925040951085, 256.07001894027866, 256.0325522141703, 255.98011671163607, 255.91273033935198, 255.83041610970247, 255.73320213292158, 255.62112160749328, 255.49421280881432, 255.35251907612326, 255.19608879769993, 255.02497539434114, 254.83923730111735, 254.6389379474173, 254.42414573528671, 254.1949340160693, 253.9513810653572, 253.69357005625994, 253.42158903100096, 253.1355308708512, 252.83549326441027, 252.52157867424597, 252.19389430190324, 251.85255205129502, 251.4976684904872, 251.1293648118907, 250.7477667908743, 250.35300474281266, 249.94521347858353, 249.52453225853003, 249.09110474490345, 248.64507895280263, 248.18660719962696, 247.71584605306015, 247.23295627760248, 246.73810277966987, 246.23145455127855, 245.71318461233437, 245.1834699515467, 244.6424914659869, 244.0904338993122, 243.5274857786759, 242.95383935034545, 242.3696905140506, 241.77523875608384, 241.17068708117588, 240.55624194316994, 239.93211317451767, 239.29851391462188, 238.65566053704933, 238.00377257563954, 237.34307264953415, 236.67378638715263, 235.99614234914048, 235.31037195031587, 234.6167093806418, 233.91539152525024, 233.20665788354643, 232.49075048741972, 231.76791381859, 231.03839472511748, 230.3024423371043, 229.56030798161677, 228.8122450968574, 228.05850914561597, 227.29935752802942, 226.53504949367962, 225.76584605306016, 224.99200988844132, 224.2138052641644, 223.4314979363957, 222.64535506237092, 221.8556451091614, 221.0626377619927, 220.26660383214738, 219.46781516448326, 218.66654454459854, 217.8630656056759, 217.05765273503684, 216.2505809804389, 215.44212595614692, 214.63256374881104, 213.82217082318343, 213.01122392770577, 212.19999999999996]}