{"X": [-7.525, -7.4220871018816865, -7.319230767756963, -7.216487530530164, -7.1139138609442, -7.011566136542558, -6.909500610682523, -6.807773381616653, -6.70644036165952, -6.605557246456627, -6.505179484372424, -6.40536224601424, -6.306160393908873, -6.207628452348504, -6.109820577422535, -6.012790527251778, -5.916591632441398, -5.821276766768824, -5.726898318122737, -5.633508159709139, -5.5411576215402905, -5.449897462222198, -5.359777841056187, -5.270848290469845, -5.183157688792527, -5.0967542333903735, -5.011685414175604, -4.927997987504637, -4.845737950479413, -4.7649505156660155, -4.685680086244497, -4.607970231603572, -4.531863663393578, -4.457402212050885, -4.38462680380664, -4.313577438192493, -4.244293166055661, -4.1768120680954235, -4.111171233932828, -4.047406741725142, -3.9855536383362113, -3.9256459200736664, -3.8677165140035386, -3.8117972598525625, -3.757918892508117, -3.7061110251254106, -3.656402132851215, -3.6088195371730727, -3.5633893909025973, -3.520136663801104, -3.479085128855489, -3.4402573492118895, -3.4036746657743038, -3.369357185474994, -3.33732377022312, -3.307592026537671, -3.2801782958703996, -3.2550976456240712, -3.232363860870971, -3.2119894367762205, -3.193985571730061, -3.178362161192882, -3.165127792256387, -3.1542897389238673, -3.1458539581121956, -3.1398250863777264, -3.136206437367908, -3.1350000000000002], "Y": [25.609999999999996, 25.608793562632087, 25.60517491362227, 25.5991460418878, 25.59071026107613, 25.57987220774361, 25.566637838807114, 25.551014428269934, 25.533010563223776, 25.512636139129025, 25.489902354375925, 25.464821704129598, 25.437407973462324, 25.407676229776875, 25.375642814525, 25.341325334225694, 25.304742650788107, 25.26591487114451, 25.224863336198894, 25.181610609097397, 25.13618046282692, 25.08859786714878, 25.038888974874588, 24.987081107491882, 24.933202740147433, 24.877283485996458, 24.81935407992633, 24.759446361663784, 24.697593258274857, 24.633828766067168, 24.56818793190457, 24.500706833944335, 24.4314225618075, 24.360373196193358, 24.28759778794911, 24.213136336606418, 24.137029768396424, 24.0593199137555, 23.980049484333982, 23.899262049520583, 23.817002012495358, 23.73331458582439, 23.648245766609623, 23.56184231120747, 23.47415170953015, 23.38522215894381, 23.295102537777797, 23.203842378459704, 23.111491840290856, 23.018101681877262, 22.923723233231172, 22.8284083675586, 22.732209472748217, 22.63517942257746, 22.537371547651492, 22.438839606091122, 22.339637753985755, 22.239820515627574, 22.13944275354337, 22.038559638340477, 21.93722661838334, 21.835499389317473, 21.73343386345744, 21.631086139055796, 21.52851246946983, 21.425769232243034, 21.32291289811831, 21.219999999999995]}