{"X": [-7.525, -7.40479472324086, -7.284630496473613, -7.164548355671615, -7.044589308775945, -6.924794321691221, -6.8052043042957875, -6.685860096471027, -6.566802454154583, -6.448072035422234, -6.32970938660321, -6.211754928433647, -6.094248942252955, -5.977231556247764, -5.860742731748196, -5.7448222495811, -5.629509696484943, -5.514844451590967, -5.400865672975259, -5.287612284286299, -5.17512296145257, -5.063436119474771, -4.952589899307121, -4.842622154832257, -4.733570439934178, -4.625471995673618, -4.518363737570263, -4.412282242996132, -4.307263738684439, -4.2033440883582, -4.1005587804828005, -3.9989429161467163, -3.89853119707453, -3.7993579137763143, -3.701456933837462, -3.604861690352937, -3.5096051705098965, -3.4157199043226028, -3.3232379535234484, -3.2321909006139093, -3.142609838079146, -3.054525357769946, -2.9679675404556427, -2.8829659455515513, -2.7995496010244616, -2.717746993479613, -2.6375860584325386, -2.559094170769125, -2.4822981353971008, -2.407224178092192, -2.333897936542042, -2.262344451590967, -2.192588158688527, -2.1246528795448425, -2.058561813995508, -1.9943375320788597, -1.9320019663283374, -1.8715764042825391, -1.8130814812155442, -1.7565371730899977, -1.7019627897353196, -1.649376968253432, -1.5987976666541954, -1.5502421577227707, -1.5037270231209767, -1.4592681477246656, -1.4168807141990576, -1.3765791978138686, -1.3383773615000265, -1.3022882511496328, -1.268324191160812, -1.2364967802289364, -1.20681688738568, -1.1792946482872602, -1.1539394617531151, -1.1307599865562188, -1.1097641384661159, -1.0909590875456956, -1.0743512557026194, -1.0599463144962442, -1.0477491832008, -1.0377640271254491, -1.0299942561918427, -1.0244425237696362, -1.0211107257703673, -1.0200000000000002], "Y": [25.609999999999996, 25.60925040951085, 25.607001894027867, 25.603255221417033, 25.598011671163608, 25.5912730339352, 25.58304161097025, 25.573320213292156, 25.56211216074933, 25.549421280881432, 25.535251907612327, 25.519608879769994, 25.502497539434113, 25.483923730111734, 25.46389379474173, 25.442414573528673, 25.419493401606932, 25.39513810653572, 25.369357005625993, 25.342158903100096, 25.31355308708512, 25.283549326441026, 25.252157867424597, 25.219389430190326, 25.1852552051295, 25.14976684904872, 25.11293648118907, 25.074776679087428, 25.035300474281264, 24.994521347858353, 24.952453225853002, 24.909110474490344, 24.864507895280262, 24.818660719962697, 24.771584605306014, 24.723295627760248, 24.673810277966986, 24.623145455127855, 24.57131846123344, 24.51834699515467, 24.46424914659869, 24.40904338993122, 24.35274857786759, 24.295383935034543, 24.23696905140506, 24.177523875608383, 24.11706870811759, 24.055624194316994, 23.993211317451767, 23.929851391462186, 23.86556605370493, 23.800377257563955, 23.734307264953415, 23.667378638715263, 23.59961423491405, 23.531037195031587, 23.46167093806418, 23.391539152525024, 23.320665788354642, 23.24907504874197, 23.176791381858997, 23.103839472511748, 23.03024423371043, 22.956030798161677, 22.88122450968574, 22.805850914561596, 22.72993575280294, 22.653504949367964, 22.576584605306017, 22.49920098884413, 22.42138052641644, 22.34314979363957, 22.26453550623709, 22.18556451091614, 22.10626377619927, 22.02666038321474, 21.946781516448326, 21.866654454459855, 21.78630656056759, 21.705765273503683, 21.62505809804389, 21.54421259561469, 21.463256374881105, 21.38221708231834, 21.301122392770576, 21.219999999999995]}