{"X": [14.85, 14.954594594594596, 15.059189189189189, 15.163783783783785, 15.268378378378378, 15.372972972972974, 15.477567567567567, 15.582162162162163, 15.686756756756756, 15.791351351351352, 15.895945945945945, 16.00054054054054, 16.105135135135136, 16.20972972972973, 16.314324324324325, 16.41891891891892, 16.523513513513514, 16.62810810810811, 16.732702702702703, 16.837297297297297, 16.941891891891892, 17.046486486486486, 17.15108108108108, 17.255675675675676, 17.36027027027027, 17.464864864864865, 17.56945945945946, 17.674054054054054, 17.778648648648648, 17.883243243243243, 17.987837837837837, 18.09243243243243, 18.197027027027026, 18.30162162162162, 18.406216216216215, 18.51081081081081, 18.615405405405404, 18.72], "Y": [-4.459999999999999, -4.459999999999999, -4.459999999999999, -4.459999999999999, -4.459999999999999, -4.459999999999999, -4.459999999999999, -4.459999999999999, -4.459999999999999, -4.459999999999999, -4.459999999999999, -4.459999999999999, -4.459999999999999, -4.459999999999999, -4.459999999999998, -4.459999999999998, -4.459999999999998, -4.459999999999998, -4.459999999999998, -4.459999999999998, -4.459999999999998, -4.459999999999998, -4.459999999999998, -4.459999999999998, -4.459999999999997, -4.459999999999997, -4.459999999999997, -4.459999999999997, -4.459999999999997, -4.459999999999997, -4.459999999999997, -4.459999999999997, -4.459999999999997, -4.459999999999996, -4.459999999999996, -4.459999999999996, -4.459999999999996, -4.459999999999996]}