{"X": [148.5, 149.54594594594596, 150.5918918918919, 151.63783783783785, 152.68378378378378, 153.72972972972974, 154.77567567567567, 155.82162162162163, 156.86756756756756, 157.91351351351352, 158.95945945945945, 160.0054054054054, 161.05135135135134, 162.0972972972973, 163.14324324324323, 164.1891891891892, 165.23513513513512, 166.28108108108108, 167.32702702702701, 168.37297297297297, 169.4189189189189, 170.46486486486486, 171.5108108108108, 172.55675675675676, 173.6027027027027, 174.64864864864865, 175.69459459459458, 176.74054054054054, 177.78648648648647, 178.83243243243243, 179.8783783783784, 180.92432432432432, 181.97027027027025, 183.0162162162162, 184.06216216216217, 185.1081081081081, 186.15405405405403, 187.2], "Y": [-44.599999999999994, -44.599999999999994, -44.599999999999994, -44.599999999999994, -44.599999999999994, -44.59999999999999, -44.59999999999999, -44.59999999999999, -44.59999999999999, -44.59999999999999, -44.59999999999999, -44.59999999999999, -44.59999999999999, -44.59999999999999, -44.59999999999998, -44.59999999999998, -44.59999999999998, -44.59999999999998, -44.59999999999998, -44.59999999999998, -44.59999999999998, -44.59999999999998, -44.59999999999998, -44.59999999999998, -44.59999999999997, -44.59999999999997, -44.59999999999997, -44.59999999999997, -44.59999999999997, -44.59999999999997, -44.59999999999997, -44.59999999999997, -44.59999999999997, -44.599999999999966, -44.599999999999966, -44.599999999999966, -44.599999999999966, -44.599999999999966]}