{"X": [1.485, 1.4954594594594597, 1.5059189189189188, 1.5163783783783784, 1.5268378378378378, 1.5372972972972974, 1.5477567567567567, 1.5582162162162163, 1.5686756756756757, 1.5791351351351353, 1.5895945945945946, 1.6000540540540542, 1.6105135135135134, 1.620972972972973, 1.6314324324324323, 1.6418918918918919, 1.6523513513513512, 1.6628108108108108, 1.6732702702702702, 1.6837297297297298, 1.6941891891891891, 1.7046486486486487, 1.7151081081081079, 1.7255675675675675, 1.7360270270270268, 1.7464864864864864, 1.7569459459459458, 1.7674054054054054, 1.7778648648648647, 1.7883243243243243, 1.798783783783784, 1.8092432432432433, 1.8197027027027024, 1.830162162162162, 1.8406216216216216, 1.851081081081081, 1.8615405405405403, 1.8719999999999999], "Y": [-0.44599999999999995, -0.44599999999999995, -0.44599999999999995, -0.44599999999999995, -0.44599999999999995, -0.4459999999999999, -0.4459999999999999, -0.4459999999999999, -0.4459999999999999, -0.4459999999999999, -0.4459999999999999, -0.4459999999999999, -0.4459999999999999, -0.4459999999999999, -0.4459999999999998, -0.4459999999999998, -0.4459999999999998, -0.4459999999999998, -0.4459999999999998, -0.4459999999999998, -0.4459999999999998, -0.4459999999999998, -0.4459999999999998, -0.4459999999999998, -0.44599999999999973, -0.44599999999999973, -0.44599999999999973, -0.44599999999999973, -0.44599999999999973, -0.44599999999999973, -0.44599999999999973, -0.44599999999999973, -0.44599999999999973, -0.4459999999999997, -0.4459999999999997, -0.4459999999999997, -0.4459999999999997, -0.4459999999999997]}