{"X": [1.8719999999999999, 1.8822912898118311, 1.8925769232243035, 1.9028512469469834, 1.91310861390558, 1.923343386345744, 1.9335499389317476, 1.9437226618383345, 1.9538559638340478, 1.9639442753543372, 1.9739820515627577, 1.9839637753985757, 1.9938839606091125, 2.0037371547651492, 2.0135179422577467, 2.023220947274822, 2.03284083675586, 2.0423723233231175, 2.0518101681877265, 2.0611491840290856, 2.0703842378459707, 2.07951025377778, 2.0885222158943813, 2.0974151709530156, 2.1061842311207473, 2.1148245766609626, 2.1233314585824394, 2.131700201249536, 2.139926204952059, 2.1480049484333983, 2.1559319913755504, 2.1637029768396427, 2.1713136336606422, 2.178759778794911, 2.186037319619336, 2.1931422561807508, 2.2000706833944337, 2.206818793190458, 2.213382876606717, 2.2197593258274857, 2.225944636166379, 2.2319354079926335, 2.237728348599646, 2.2433202740147435, 2.248708110749188, 2.253888897487459, 2.2588597867148787, 2.263618046282693, 2.26816106090974, 2.2724863336198897, 2.2765914871144513, 2.280474265078811, 2.2841325334225697, 2.2875642814525006, 2.290767622977688, 2.2937407973462327, 2.29648217041296, 2.298990235437593, 2.301263613912903, 2.3033010563223777, 2.305101442826994, 2.306663783880712, 2.3079872207743612, 2.3090710261076133, 2.3099146041887804, 2.3105174913622273, 2.310879356263209, 2.311], "Y": [-0.4459999999999997, -0.44612064373679045, -0.4464825086377723, -0.4470853958112192, -0.4479289738923864, -0.4490127792256384, -0.45033621611928787, -0.45189855717300575, -0.45369894367762176, -0.4557363860870967, -0.4580097645624068, -0.4605178295870396, -0.4632592026537668, -0.46623237702231163, -0.4694357185474991, -0.47286746657743, -0.47652573492118866, -0.48040851288554853, -0.48451366638011, -0.4888389390902594, -0.493381953717307, -0.49814021328512115, -0.5031111025125408, -0.5082918892508114, -0.513679725985256, -0.5192716514003535, -0.5250645920073663, -0.5310553638336208, -0.5372406741725139, -0.5436171233932826, -0.550181206809542, -0.5569293166055658, -0.5638577438192489, -0.5709626803806637, -0.5782402212050883, -0.5856863663393576, -0.593297023160357, -0.6010680086244494, -0.6089950515666013, -0.6170737950479409, -0.6252997987504634, -0.6336685414175601, -0.6421754233390371, -0.6508157688792522, -0.6595848290469841, -0.6684777841056183, -0.6774897462222197, -0.6866157621540288, -0.6958508159709137, -0.7051898318122735, -0.7146276766768821, -0.7241591632441398, -0.7337790527251775, -0.7434820577422532, -0.7532628452348501, -0.763116039390887, -0.7730362246014237, -0.7830179484372422, -0.7930557246456624, -0.8031440361659518, -0.813277338161665, -0.8234500610682519, -0.8336566136542555, -0.8438913860944197, -0.8541487530530161, -0.864423076775696, -0.8747087101881683, -0.8849999999999997]}