{"X": [18.72, 18.82291289811831, 18.925769232243034, 19.028512469469835, 19.1310861390558, 19.233433863457442, 19.335499389317476, 19.437226618383345, 19.53855963834048, 19.63944275354337, 19.739820515627578, 19.83963775398576, 19.938839606091125, 20.037371547651496, 20.135179422577465, 20.23220947274822, 20.328408367558602, 20.423723233231176, 20.518101681877262, 20.61149184029086, 20.703842378459708, 20.7951025377778, 20.88522215894381, 20.974151709530155, 21.061842311207474, 21.148245766609627, 21.233314585824395, 21.31700201249536, 21.399262049520587, 21.480049484333982, 21.559319913755502, 21.637029768396427, 21.71313633660642, 21.787597787949114, 21.860373196193358, 21.931422561807505, 22.00070683394434, 22.06818793190458, 22.13382876606717, 22.197593258274857, 22.259446361663787, 22.319354079926335, 22.37728348599646, 22.433202740147436, 22.487081107491882, 22.538888974874588, 22.588597867148785, 22.63618046282693, 22.6816106090974, 22.724863336198897, 22.76591487114451, 22.804742650788107, 22.841325334225694, 22.875642814525005, 22.90767622977688, 22.937407973462328, 22.964821704129598, 22.98990235437593, 23.01263613912903, 23.033010563223776, 23.05101442826994, 23.066637838807118, 23.079872207743612, 23.090710261076133, 23.099146041887803, 23.10517491362227, 23.108793562632094, 23.11], "Y": [-4.459999999999996, -4.461206437367904, -4.464825086377723, -4.470853958112192, -4.479289738923864, -4.490127792256384, -4.503362161192879, -4.518985571730058, -4.536989436776218, -4.557363860870967, -4.580097645624067, -4.605178295870396, -4.632592026537668, -4.662323770223116, -4.694357185474991, -4.7286746657743, -4.765257349211887, -4.804085128855485, -4.8451366638011, -4.888389390902594, -4.93381953717307, -4.981402132851211, -5.031111025125407, -5.082918892508113, -5.1367972598525595, -5.192716514003535, -5.250645920073663, -5.3105536383362075, -5.372406741725139, -5.436171233932826, -5.50181206809542, -5.569293166055658, -5.63857743819249, -5.709626803806637, -5.782402212050883, -5.856863663393575, -5.93297023160357, -6.010680086244494, -6.089950515666013, -6.170737950479409, -6.252997987504633, -6.336685414175601, -6.421754233390371, -6.508157688792522, -6.595848290469841, -6.684777841056183, -6.774897462222197, -6.866157621540287, -6.958508159709138, -7.051898318122734, -7.146276766768821, -7.241591632441397, -7.337790527251775, -7.434820577422532, -7.532628452348502, -7.6311603939088695, -7.730362246014238, -7.830179484372421, -7.930557246456624, -8.031440361659516, -8.13277338161665, -8.23450061068252, -8.336566136542555, -8.438913860944197, -8.54148753053016, -8.64423076775696, -8.747087101881684, -8.849999999999998]}