{"X": [187.2, 188.22912898118312, 189.25769232243036, 190.28512469469834, 191.310861390558, 192.3343386345744, 193.35499389317476, 194.37226618383346, 195.3855963834048, 196.39442753543372, 197.39820515627576, 198.39637753985758, 199.38839606091125, 200.37371547651495, 201.35179422577465, 202.3220947274822, 203.284083675586, 204.23723233231175, 205.18101681877263, 206.1149184029086, 207.0384237845971, 207.951025377778, 208.85222158943813, 209.74151709530156, 210.61842311207474, 211.48245766609625, 212.33314585824394, 213.17002012495362, 213.99262049520587, 214.80049484333983, 215.59319913755502, 216.37029768396428, 217.13136336606422, 217.87597787949113, 218.6037319619336, 219.31422561807506, 220.00706833944338, 220.68187931904578, 221.3382876606717, 221.97593258274856, 222.59446361663788, 223.19354079926333, 223.7728348599646, 224.33202740147436, 224.87081107491883, 225.3888897487459, 225.88597867148786, 226.36180462826928, 226.81610609097402, 227.24863336198896, 227.6591487114451, 228.04742650788108, 228.41325334225695, 228.75642814525006, 229.0767622977688, 229.37407973462328, 229.648217041296, 229.89902354375928, 230.1263613912903, 230.33010563223777, 230.5101442826994, 230.66637838807117, 230.79872207743614, 230.9071026107613, 230.99146041887803, 231.05174913622272, 231.08793562632093, 231.1], "Y": [-44.599999999999966, -44.61206437367905, -44.64825086377723, -44.70853958112192, -44.79289738923864, -44.90127792256384, -45.03362161192879, -45.189855717300574, -45.36989436776218, -45.57363860870967, -45.800976456240676, -46.05178295870396, -46.32592026537668, -46.623237702231165, -46.94357185474991, -47.286746657743, -47.65257349211887, -48.040851288554855, -48.451366638011, -48.883893909025936, -49.3381953717307, -49.81402132851211, -50.31111025125407, -50.829188925081134, -51.3679725985256, -51.92716514003535, -52.50645920073663, -53.10553638336208, -53.72406741725139, -54.36171233932826, -55.0181206809542, -55.69293166055658, -56.3857743819249, -57.09626803806637, -57.82402212050883, -58.56863663393575, -59.3297023160357, -60.10680086244494, -60.899505156660126, -61.70737950479409, -62.52997987504634, -63.36685414175601, -64.21754233390371, -65.08157688792522, -65.95848290469841, -66.84777841056183, -67.74897462222197, -68.66157621540287, -69.58508159709137, -70.51898318122734, -71.46276766768821, -72.41591632441397, -73.37790527251775, -74.34820577422532, -75.32628452348501, -76.3116039390887, -77.30362246014238, -78.30179484372421, -79.30557246456624, -80.31440361659517, -81.3277338161665, -82.3450061068252, -83.36566136542555, -84.38913860944197, -85.4148753053016, -86.4423076775696, -87.47087101881684, -88.49999999999997]}