{"X": [23.11, 23.11, 23.11, 23.11, 23.11, 23.11, 23.11, 23.11, 23.11, 23.11, 23.11, 23.11, 23.11, 23.11, 23.11, 23.11, 23.11, 23.11, 23.11, 23.11, 23.11, 23.11, 23.11, 23.11, 23.11, 23.11, 23.11, 23.11, 23.11, 23.11, 23.11, 23.11, 23.11, 23.11, 23.11, 23.11, 23.11, 23.11, 23.11, 23.11, 23.11, 23.11, 23.11, 23.11, 23.11, 23.11, 23.11, 23.11, 23.11, 23.11, 23.11, 23.11, 23.11, 23.11, 23.11, 23.11, 23.11, 23.11, 23.11, 23.11, 23.11, 23.11, 23.11, 23.11, 23.11, 23.11, 23.11, 23.11, 23.11, 23.11, 23.11, 23.11, 23.11, 23.11, 23.11, 23.11, 23.11, 23.11, 23.11, 23.11, 23.11, 23.11, 23.11, 23.11, 23.11, 23.11, 23.11, 23.11, 23.11, 23.11, 23.11, 23.11, 23.11, 23.11, 23.11, 23.11, 23.11, 23.11, 23.11, 23.11, 23.11, 23.11, 23.11, 23.11, 23.11, 23.11, 23.11, 23.11, 23.11, 23.11, 23.11, 23.11, 23.11, 23.11, 23.11, 23.11, 23.11, 23.11, 23.11, 23.11, 23.11, 23.11, 23.11], "Y": [-8.849999999999998, -8.951393442622948, -9.052786885245899, -9.154180327868849, -9.2555737704918, -9.356967213114752, -9.458360655737703, -9.559754098360653, -9.661147540983603, -9.762540983606554, -9.863934426229505, -9.965327868852457, -10.066721311475408, -10.168114754098358, -10.269508196721308, -10.37090163934426, -10.47229508196721, -10.573688524590162, -10.675081967213112, -10.776475409836063, -10.877868852459013, -10.979262295081964, -11.080655737704916, -11.182049180327866, -11.283442622950817, -11.384836065573769, -11.486229508196718, -11.58762295081967, -11.68901639344262, -11.790409836065571, -11.891803278688522, -11.993196721311474, -12.094590163934424, -12.195983606557373, -12.297377049180325, -12.398770491803276, -12.500163934426228, -12.601557377049179, -12.702950819672129, -12.80434426229508, -12.90573770491803, -13.00713114754098, -13.108524590163933, -13.209918032786883, -13.311311475409834, -13.412704918032784, -13.514098360655733, -13.615491803278687, -13.716885245901636, -13.81827868852459, -13.91967213114754, -14.021065573770489, -14.12245901639344, -14.22385245901639, -14.325245901639343, -14.426639344262293, -14.528032786885245, -14.629426229508194, -14.730819672131144, -14.832213114754097, -14.933606557377047, -15.034999999999997, -15.13639344262295, -15.237786885245901, -15.339180327868851, -15.4405737704918, -15.541967213114754, -15.643360655737704, -15.744754098360653, -15.846147540983605, -15.947540983606554, -16.048934426229504, -16.150327868852457, -16.25172131147541, -16.35311475409836, -16.45450819672131, -16.555901639344263, -16.657295081967213, -16.758688524590163, -16.860081967213112, -16.961475409836062, -17.06286885245901, -17.164262295081965, -17.265655737704915, -17.367049180327864, -17.468442622950818, -17.56983606557377, -17.67122950819672, -17.77262295081967, -17.874016393442623, -17.975409836065573, -18.076803278688523, -18.178196721311473, -18.279590163934422, -18.380983606557372, -18.482377049180325, -18.58377049180328, -18.685163934426228, -18.786557377049178, -18.88795081967213, -18.989344262295084, -19.09073770491803, -19.192131147540984, -19.293524590163933, -19.394918032786883, -19.496311475409833, -19.597704918032786, -19.699098360655736, -19.800491803278685, -19.90188524590164, -20.00327868852459, -20.104672131147538, -20.20606557377049, -20.307459016393445, -20.408852459016394, -20.510245901639344, -20.611639344262294, -20.713032786885243, -20.814426229508193, -20.915819672131146, -21.017213114754096, -21.118606557377046, -21.22]}