{"X": [2.311, 2.311, 2.311, 2.311, 2.311, 2.311, 2.311, 2.311, 2.311, 2.311, 2.311, 2.311, 2.311, 2.311, 2.311, 2.311, 2.311, 2.311, 2.311, 2.311, 2.311, 2.311, 2.311, 2.311, 2.311, 2.311, 2.311, 2.311, 2.311, 2.311, 2.311, 2.311, 2.311, 2.311, 2.311, 2.311, 2.311, 2.311, 2.311, 2.311, 2.311, 2.311, 2.311, 2.311, 2.311, 2.311, 2.311, 2.311, 2.311, 2.311, 2.311, 2.311, 2.311, 2.311, 2.311, 2.311, 2.311, 2.311, 2.311, 2.311, 2.311, 2.311, 2.311, 2.311, 2.311, 2.311, 2.311, 2.311, 2.311, 2.311, 2.311, 2.311, 2.311, 2.311, 2.311, 2.311, 2.311, 2.311, 2.311, 2.311, 2.311, 2.311, 2.311, 2.311, 2.311, 2.311, 2.311, 2.311, 2.311, 2.311, 2.311, 2.311, 2.311, 2.311, 2.311, 2.311, 2.311, 2.311, 2.311, 2.311, 2.311, 2.311, 2.311, 2.311, 2.311, 2.311, 2.311, 2.311, 2.311, 2.311, 2.311, 2.311, 2.311, 2.311, 2.311, 2.311, 2.311, 2.311, 2.311, 2.311, 2.311, 2.311, 2.311], "Y": [-0.8849999999999997, -0.8951393442622948, -0.9052786885245899, -0.9154180327868849, -0.9255573770491801, -0.9356967213114751, -0.9458360655737702, -0.9559754098360653, -0.9661147540983603, -0.9762540983606555, -0.9863934426229506, -0.9965327868852456, -1.0066721311475408, -1.0168114754098356, -1.0269508196721309, -1.0370901639344259, -1.0472295081967211, -1.0573688524590161, -1.0675081967213111, -1.0776475409836062, -1.0877868852459014, -1.0979262295081964, -1.1080655737704916, -1.1182049180327867, -1.1283442622950817, -1.1384836065573767, -1.148622950819672, -1.158762295081967, -1.168901639344262, -1.1790409836065572, -1.1891803278688522, -1.1993196721311472, -1.2094590163934424, -1.2195983606557375, -1.2297377049180325, -1.2398770491803277, -1.2500163934426227, -1.2601557377049177, -1.2702950819672127, -1.280434426229508, -1.290573770491803, -1.300713114754098, -1.3108524590163932, -1.3209918032786883, -1.3311311475409835, -1.3412704918032785, -1.3514098360655735, -1.3615491803278688, -1.3716885245901635, -1.3818278688524588, -1.3919672131147538, -1.4021065573770488, -1.412245901639344, -1.422385245901639, -1.4325245901639343, -1.4426639344262293, -1.4528032786885245, -1.4629426229508196, -1.4730819672131146, -1.4832213114754098, -1.4933606557377046, -1.5034999999999996, -1.5136393442622949, -1.52377868852459, -1.533918032786885, -1.5440573770491801, -1.5541967213114753, -1.5643360655737704, -1.5744754098360654, -1.5846147540983606, -1.5947540983606556, -1.6048934426229504, -1.6150327868852457, -1.6251721311475409, -1.635311475409836, -1.645450819672131, -1.6555901639344262, -1.6657295081967212, -1.6758688524590162, -1.6860081967213114, -1.6961475409836064, -1.7062868852459012, -1.7164262295081967, -1.7265655737704915, -1.7367049180327865, -1.7468442622950817, -1.756983606557377, -1.767122950819672, -1.777262295081967, -1.7874016393442622, -1.7975409836065575, -1.8076803278688525, -1.8178196721311475, -1.8279590163934423, -1.8380983606557373, -1.8482377049180325, -1.8583770491803278, -1.8685163934426228, -1.8786557377049178, -1.888795081967213, -1.8989344262295083, -1.909073770491803, -1.9192131147540983, -1.9293524590163935, -1.939491803278688, -1.9496311475409833, -1.9597704918032788, -1.9699098360655736, -1.9800491803278686, -1.9901885245901638, -2.000327868852459, -2.0104672131147536, -2.020606557377049, -2.030745901639344, -2.0408852459016393, -2.051024590163934, -2.0611639344262294, -2.0713032786885246, -2.0814426229508194, -2.0915819672131146, -2.10172131147541, -2.1118606557377047, -2.122]}