{"X": [231.1, 231.1, 231.1, 231.1, 231.1, 231.1, 231.1, 231.1, 231.1, 231.1, 231.1, 231.1, 231.1, 231.1, 231.1, 231.1, 231.1, 231.1, 231.1, 231.1, 231.1, 231.1, 231.1, 231.1, 231.1, 231.1, 231.1, 231.1, 231.1, 231.1, 231.1, 231.1, 231.1, 231.1, 231.1, 231.1, 231.1, 231.1, 231.1, 231.1, 231.1, 231.1, 231.1, 231.1, 231.1, 231.1, 231.1, 231.1, 231.1, 231.1, 231.1, 231.1, 231.1, 231.1, 231.1, 231.1, 231.1, 231.1, 231.1, 231.1, 231.1, 231.1, 231.1, 231.1, 231.1, 231.1, 231.1, 231.1, 231.1, 231.1, 231.1, 231.1, 231.1, 231.1, 231.1, 231.1, 231.1, 231.1, 231.1, 231.1, 231.1, 231.1, 231.1, 231.1, 231.1, 231.1, 231.1, 231.1, 231.1, 231.1, 231.1, 231.1, 231.1, 231.1, 231.1, 231.1, 231.1, 231.1, 231.1, 231.1, 231.1, 231.1, 231.1, 231.1, 231.1, 231.1, 231.1, 231.1, 231.1, 231.1, 231.1, 231.1, 231.1, 231.1, 231.1, 231.1, 231.1, 231.1, 231.1, 231.1, 231.1, 231.1, 231.1], "Y": [-88.49999999999997, -89.51393442622948, -90.527868852459, -91.54180327868849, -92.555737704918, -93.56967213114751, -94.58360655737702, -95.59754098360654, -96.61147540983603, -97.62540983606554, -98.63934426229505, -99.65327868852457, -100.66721311475408, -101.68114754098357, -102.69508196721308, -103.7090163934426, -104.7229508196721, -105.73688524590162, -106.75081967213112, -107.76475409836063, -108.77868852459014, -109.79262295081965, -110.80655737704916, -111.82049180327866, -112.83442622950817, -113.84836065573768, -114.86229508196719, -115.8762295081967, -116.8901639344262, -117.90409836065571, -118.91803278688522, -119.93196721311473, -120.94590163934424, -121.95983606557374, -122.97377049180325, -123.98770491803276, -125.00163934426227, -126.01557377049178, -127.02950819672128, -128.0434426229508, -129.0573770491803, -130.0713114754098, -131.08524590163933, -132.09918032786882, -133.11311475409835, -134.12704918032784, -135.14098360655734, -136.15491803278687, -137.16885245901636, -138.1827868852459, -139.1967213114754, -140.21065573770488, -141.2245901639344, -142.2385245901639, -143.25245901639343, -144.26639344262293, -145.28032786885245, -146.29426229508195, -147.30819672131145, -148.32213114754097, -149.33606557377047, -150.34999999999997, -151.3639344262295, -152.37786885245902, -153.3918032786885, -154.405737704918, -155.41967213114754, -156.43360655737703, -157.44754098360653, -158.46147540983605, -159.47540983606555, -160.48934426229505, -161.50327868852457, -162.5172131147541, -163.5311475409836, -164.5450819672131, -165.55901639344262, -166.57295081967212, -167.5868852459016, -168.60081967213114, -169.61475409836063, -170.62868852459013, -171.64262295081966, -172.65655737704915, -173.67049180327865, -174.68442622950818, -175.6983606557377, -176.7122950819672, -177.7262295081967, -178.74016393442622, -179.75409836065575, -180.76803278688524, -181.78196721311474, -182.79590163934424, -183.80983606557373, -184.82377049180326, -185.83770491803278, -186.85163934426228, -187.86557377049178, -188.8795081967213, -189.89344262295083, -190.9073770491803, -191.92131147540982, -192.93524590163935, -193.94918032786882, -194.96311475409834, -195.97704918032787, -196.99098360655736, -198.00491803278686, -199.0188524590164, -200.03278688524588, -201.04672131147538, -202.0606557377049, -203.07459016393443, -204.08852459016393, -205.10245901639342, -206.11639344262295, -207.13032786885245, -208.14426229508194, -209.15819672131147, -210.17213114754097, -211.18606557377046, -212.2]}