{"X": [-18.71, -18.812912898118313, -18.915769232243036, -19.018512469469837, -19.1210861390558, -19.22343386345744, -19.32549938931748, -19.427226618383347, -19.52855963834048, -19.629442753543376, -19.729820515627576, -19.829637753985757, -19.928839606091127, -20.027371547651494, -20.125179422577464, -20.222209472748222, -20.3184083675586, -20.413723233231174, -20.508101681877264, -20.60149184029086, -20.693842378459713, -20.785102537777803, -20.875222158943814, -20.964151709530157, -21.051842311207473, -21.13824576660962, -21.223314585824397, -21.307002012495367, -21.38926204952059, -21.470049484333984, -21.549319913755504, -21.62702976839643, -21.703136336606423, -21.777597787949116, -21.85037319619336, -21.921422561807507, -21.990706833944337, -22.058187931904577, -22.12382876606717, -22.18759325827486, -22.24944636166379, -22.309354079926333, -22.36728348599646, -22.42320274014744, -22.477081107491884, -22.52888897487459, -22.578597867148783, -22.626180462826927, -22.671610609097403, -22.714863336198896, -22.755914871144512, -22.794742650788113, -22.831325334225696, -22.865642814525007, -22.89767622977688, -22.92740797346233, -22.9548217041296, -22.97990235437593, -23.00263613912903, -23.023010563223778, -23.04101442826994, -23.056637838807116, -23.06987220774361, -23.08071026107613, -23.089146041887805, -23.095174913622273, -23.09879356263209, -23.1], "Y": [4.069999999999999, 4.071206437367907, 4.074825086377726, 4.080853958112195, 4.089289738923867, 4.100127792256387, 4.113362161192882, 4.128985571730061, 4.14698943677622, 4.167363860870971, 4.19009764562407, 4.215178295870399, 4.242592026537671, 4.272323770223119, 4.304357185474993, 4.338674665774304, 4.37525734921189, 4.414085128855488, 4.455136663801103, 4.498389390902597, 4.543819537173073, 4.591402132851216, 4.641111025125411, 4.692918892508116, 4.746797259852562, 4.802716514003537, 4.860645920073667, 4.920553638336211, 4.982406741725142, 5.046171233932829, 5.111812068095422, 5.179293166055661, 5.248577438192493, 5.31962680380664, 5.392402212050885, 5.466863663393577, 5.542970231603573, 5.620680086244497, 5.699950515666016, 5.780737950479413, 5.862997987504636, 5.9466854141756045, 6.031754233390375, 6.118157688792527, 6.205848290469843, 6.294777841056186, 6.384897462222197, 6.476157621540291, 6.56850815970914, 6.661898318122738, 6.756276766768823, 6.8515916324414, 6.947790527251778, 7.044820577422536, 7.1426284523485055, 7.241160393908873, 7.34036224601424, 7.440179484372424, 7.540557246456626, 7.6414403616595195, 7.7427733816166535, 7.8445006106825215, 7.9465661365425575, 8.0489138609442, 8.151487530530165, 8.254230767756964, 8.357087101881687, 8.459999999999999]}