{"X": [-187.1, -188.12912898118313, -189.15769232243036, -190.18512469469837, -191.21086139055802, -192.2343386345744, -193.2549938931748, -194.27226618383347, -195.2855963834048, -196.29442753543375, -197.29820515627577, -198.2963775398576, -199.28839606091128, -200.27371547651495, -201.25179422577463, -202.22209472748222, -203.184083675586, -204.13723233231175, -205.08101681877264, -206.0149184029086, -206.93842378459712, -207.85102537777803, -208.75222158943814, -209.64151709530157, -210.51842311207474, -211.38245766609623, -212.23314585824397, -213.07002012495366, -213.89262049520588, -214.70049484333984, -215.49319913755502, -216.2702976839643, -217.03136336606423, -217.77597787949117, -218.5037319619336, -219.21422561807506, -219.90706833944338, -220.58187931904575, -221.23828766067172, -221.8759325827486, -222.4944636166379, -223.09354079926334, -223.6728348599646, -224.2320274014744, -224.77081107491884, -225.2888897487459, -225.78597867148784, -226.26180462826926, -226.71610609097402, -227.14863336198897, -227.55914871144512, -227.94742650788112, -228.31325334225696, -228.65642814525006, -228.9767622977688, -229.27407973462329, -229.548217041296, -229.7990235437593, -230.0263613912903, -230.23010563223778, -230.41014428269938, -230.56637838807117, -230.69872207743612, -230.80710261076132, -230.89146041887804, -230.95174913622273, -230.9879356263209, -231.0], "Y": [40.699999999999996, 40.71206437367908, 40.74825086377726, 40.80853958112195, 40.89289738923867, 41.00127792256387, 41.13362161192882, 41.289855717300604, 41.4698943677622, 41.67363860870971, 41.900976456240706, 42.15178295870399, 42.42592026537671, 42.723237702231195, 43.043571854749935, 43.38674665774304, 43.7525734921189, 44.140851288554884, 44.55136663801103, 44.983893909025966, 45.438195371730735, 45.914021328512156, 46.41111025125411, 46.929188925081164, 47.46797259852562, 48.02716514003537, 48.606459200736666, 49.205536383362116, 49.82406741725142, 50.46171233932829, 51.11812068095422, 51.79293166055661, 52.485774381924934, 53.19626803806641, 53.92402212050885, 54.668636633935776, 55.42970231603573, 56.20680086244497, 56.99950515666016, 57.80737950479413, 58.62997987504636, 59.466854141756045, 60.317542333903745, 61.181576887925274, 62.05848290469844, 62.94777841056187, 63.848974622221974, 64.76157621540291, 65.6850815970914, 66.61898318122738, 67.56276766768823, 68.515916324414, 69.47790527251777, 70.44820577422536, 71.42628452348505, 72.41160393908874, 73.4036224601424, 74.40179484372423, 75.40557246456626, 76.4144036165952, 77.42773381616654, 78.44500610682522, 79.46566136542558, 80.489138609442, 81.51487530530164, 82.54230767756964, 83.57087101881687, 84.6]}