{"X": [-1.871, -1.8812912898118312, -1.8915769232243036, -1.9018512469469837, -1.9121086139055803, -1.9223433863457442, -1.932549938931748, -1.9427226618383346, -1.952855963834048, -1.9629442753543376, -1.9729820515627576, -1.9829637753985758, -1.9928839606091129, -2.0027371547651494, -2.0125179422577464, -2.022220947274822, -2.03184083675586, -2.0413723233231176, -2.050810168187726, -2.0601491840290858, -2.0693842378459713, -2.07851025377778, -2.0875222158943814, -2.0964151709530157, -2.1051842311207474, -2.1138245766609622, -2.1223314585824395, -2.1307002012495366, -2.1389262049520585, -2.1470049484333984, -2.15493199137555, -2.162702976839643, -2.1703136336606423, -2.1777597787949117, -2.185037319619336, -2.1921422561807504, -2.199070683394434, -2.2058187931904576, -2.2123828766067173, -2.218759325827486, -2.224944636166379, -2.2309354079926336, -2.2367283485996463, -2.242320274014744, -2.2477081107491883, -2.252888897487459, -2.2578597867148784, -2.2626180462826926, -2.26716106090974, -2.27148633361989, -2.2755914871144514, -2.2794742650788113, -2.2831325334225694, -2.2865642814525007, -2.289767622977688, -2.292740797346233, -2.29548217041296, -2.297990235437593, -2.300263613912903, -2.302301056322378, -2.304101442826994, -2.305663783880712, -2.3069872207743614, -2.3080710261076134, -2.3089146041887805, -2.3095174913622274, -2.309879356263209, -2.31], "Y": [0.407, 0.40712064373679074, 0.4074825086377726, 0.4080853958112195, 0.4089289738923867, 0.4100127792256387, 0.41133621611928817, 0.41289855717300605, 0.414698943677622, 0.41673638608709707, 0.41900976456240707, 0.42151782958703987, 0.4242592026537671, 0.4272323770223119, 0.43043571854749935, 0.4338674665774304, 0.43752573492118896, 0.44140851288554883, 0.4455136663801103, 0.4498389390902597, 0.45438195371730733, 0.45914021328512156, 0.46411110251254106, 0.4692918892508116, 0.4746797259852562, 0.4802716514003537, 0.4860645920073667, 0.49205536383362114, 0.4982406741725142, 0.5046171233932829, 0.5111812068095422, 0.5179293166055661, 0.5248577438192493, 0.5319626803806641, 0.5392402212050885, 0.5466863663393577, 0.5542970231603573, 0.5620680086244497, 0.5699950515666017, 0.5780737950479413, 0.5862997987504636, 0.5946685414175604, 0.6031754233390374, 0.6118157688792527, 0.6205848290469844, 0.6294777841056187, 0.6384897462222198, 0.6476157621540292, 0.656850815970914, 0.6661898318122738, 0.6756276766768824, 0.68515916324414, 0.6947790527251777, 0.7044820577422536, 0.7142628452348505, 0.7241160393908873, 0.734036224601424, 0.7440179484372423, 0.7540557246456626, 0.764144036165952, 0.7742773381616653, 0.7844500610682522, 0.7946566136542558, 0.8048913860944199, 0.8151487530530165, 0.8254230767756964, 0.8357087101881687, 0.846]}