{"X": [-231.0, -230.9948950509496, -230.97958139106512, -230.9540625818707, -230.91834455831935, -230.87243562741295, -230.81634646627015, -230.75009011964306, -230.67368199688354, -230.5871398683595, -230.4904838613217, -230.38373645522316, -230.2669224764907, -230.14006909275113, -230.003205806513, -229.85636444830484, -229.69957916927262, -229.53288643323685, -229.35632500821234, -229.16993595739174, -228.97376262959548, -228.76785064918997, -228.55224790547678, -228.32700454155483, -228.0921729426586, -227.8478077239748, -227.59396571794036, -227.3307059610249, -227.05808968000042, -226.7761802777018, -226.48504331828096, -226.18474651195865, -225.87535969927683, -225.5569548348558, -225.22960597065955, -224.89338923877347, -224.54838283369804, -224.19466699416316, -223.83232398446665, -223.46143807534222, -223.0820955243602, -222.69438455586663, -222.29839534046474, -221.89421997404372, -221.48195245636003, -221.06168866917554, -220.6335263539582, -220.19756508915003, -219.7539062670083, -219.30265307002423, -218.84391044692578, -218.3777850882696, -217.9043854016278, -217.42382148637532, -216.93620510808404, -216.44164967252925, -215.94027019931463, -215.43218329512203, -214.91750712659191, -214.3963613928413, -213.86886729762497, -213.3351475211471, -212.7953261915291, -212.24952885594115, -211.69788245140325, -211.14051527526343, -210.57755695535934, -210.00913841987054, -209.43539186686817, -208.85645073356966, -208.27244966530472, -207.68352448420092, -207.08981215759505, -206.49145076617867, -205.88857947188416, -205.2813384855198, -204.6698690341606, -204.05431332830292, -203.43481452879033, -202.8115167135184, -202.18456484392632, -201.55410473128296, -200.92028300277528, -200.28324706740693, -199.6431450817152, -199.000125915314, -198.35433911627078, -197.70593487632624, -197.05506399596368, -196.40187784933724, -195.74652834906638, -195.0891679109056, -194.42994941829647, -193.76902618681163, -193.10655192849765, -192.44268071612612, -191.77756694736055, -191.11136530884804, -190.44423074024328, -189.77631839817423, -189.10778362015688, -188.4387818884682, -187.76946879398545, -187.1], "Y": [-88.49999999999993, -87.18546218584171, -85.87123009599175, -84.55760938365546, -83.24490555984916, -81.93342392234679, -80.62346948467643, -79.3153469051826, -78.00936041617143, -76.70581375315487, -75.40501008421035, -74.10725193947246, -72.81284114077303, -71.52207873144589, -70.2352649063127, -68.95269894186619, -67.67467912666682, -66.40150269196936, -65.13346574259525, -63.87086318806709, -62.61398867402096, -61.363134513912726, -60.1185916210343, -58.880649440855336, -57.649595883706446, -56.42571725781939, -55.20929820273999, -54.00062162312878, -52.799968622965615, -51.607618440172715, -50.42384838167188, -49.24893375889072, -48.08314782373302, -46.926761705028035, -45.78004434547365, -44.64326243908793, -43.51668036918354, -42.40056014687975, -41.29516135016603, -40.20074106353159, -39.117553818174706, -38.0458515328061, -36.98588345505963, -35.93789610352446, -34.90213321041179, -33.878835664869555, -32.868241456958486, -31.870585622302393, -30.88610018742544, -29.915014115789397, -28.957553254543207, -28.01394028199732, -27.084394655835013, -26.169132562072818, -25.26836686478154, -24.382307056580444, -23.511159209914908, -22.65512592912991, -21.814406303349998, -20.989195860176793, -20.179686520214773, -19.386066552435935, -18.608520530393946, -17.847229289297218, -17.102369883952107, -16.374115547584765, -15.662635651552023, -14.968095665950443, -14.290657121132682, -13.630477570139973, -12.98771055205988, -12.362505556317444, -11.755007987908002, -11.165359133580381, -10.5936961289773, -10.040151926741714, -9.504855265595708, -8.987930640399497, -8.489498273197484, -8.009674085257998, -7.548569670113267, -7.106292267605937, -6.682944738948123, -6.278625542798821, -5.893428712365122, -5.527443833532871, -5.180756024031439, -4.853445913637756, -4.545589625424128, -4.257258758054178, -3.988520369130981, -3.7394369596013917, -3.51006645922007, -3.3004622130766705, -3.110672969189295, -2.9407428671671028, -2.7907114279445864, -2.660613544590234, -2.5504794741913486, -2.4603348308171036, -2.3902005795614087, -2.3400930316670525, -2.310023840732171, -2.2999999999999545]}