{"X": [-2.31, -2.309948950509496, -2.309795813910651, -2.309540625818707, -2.3091834455831934, -2.3087243562741295, -2.3081634646627016, -2.3075009011964305, -2.3067368199688354, -2.305871398683595, -2.304904838613217, -2.3038373645522316, -2.302669224764907, -2.3014006909275113, -2.30003205806513, -2.2985636444830484, -2.2969957916927264, -2.2953288643323684, -2.2935632500821233, -2.2916993595739172, -2.289737626295955, -2.2876785064918996, -2.2855224790547677, -2.283270045415548, -2.280921729426586, -2.278478077239748, -2.2759396571794035, -2.273307059610249, -2.2705808968000043, -2.267761802777018, -2.2648504331828097, -2.2618474651195863, -2.258753596992768, -2.255569548348558, -2.2522960597065955, -2.2489338923877344, -2.2454838283369805, -2.2419466699416315, -2.2383232398446666, -2.2346143807534222, -2.230820955243602, -2.2269438455586665, -2.2229839534046474, -2.2189421997404373, -2.2148195245636004, -2.2106168866917555, -2.206335263539582, -2.2019756508915003, -2.197539062670083, -2.1930265307002426, -2.188439104469258, -2.183777850882696, -2.1790438540162778, -2.1742382148637533, -2.1693620510808405, -2.1644164967252926, -2.1594027019931463, -2.1543218329512204, -2.149175071265919, -2.143963613928413, -2.1386886729762495, -2.133351475211471, -2.127953261915291, -2.1224952885594117, -2.1169788245140326, -2.111405152752634, -2.1057755695535936, -2.1000913841987052, -2.094353918668682, -2.0885645073356964, -2.0827244966530474, -2.0768352448420093, -2.0708981215759503, -2.0649145076617867, -2.0588857947188415, -2.052813384855198, -2.046698690341606, -2.040543133283029, -2.034348145287903, -2.028115167135184, -2.021845648439263, -2.0155410473128295, -2.009202830027753, -2.002832470674069, -1.9964314508171521, -1.99000125915314, -1.9835433911627078, -1.9770593487632624, -1.9705506399596369, -1.9640187784933725, -1.9574652834906638, -1.9508916791090558, -1.9442994941829648, -1.9376902618681162, -1.9310655192849766, -1.9244268071612611, -1.9177756694736054, -1.9111136530884805, -1.9044423074024328, -1.8977631839817422, -1.8910778362015688, -1.884387818884682, -1.8776946879398546, -1.871], "Y": [-0.8849999999999993, -0.8718546218584171, -0.8587123009599175, -0.8455760938365546, -0.8324490555984916, -0.8193342392234679, -0.8062346948467644, -0.7931534690518259, -0.7800936041617144, -0.7670581375315487, -0.7540501008421034, -0.7410725193947246, -0.7281284114077303, -0.7152207873144589, -0.7023526490631269, -0.6895269894186619, -0.6767467912666681, -0.6640150269196936, -0.6513346574259525, -0.638708631880671, -0.6261398867402096, -0.6136313451391273, -0.601185916210343, -0.5888064944085534, -0.5764959588370645, -0.564257172578194, -0.5520929820273999, -0.5400062162312878, -0.5279996862296561, -0.5160761844017272, -0.5042384838167188, -0.49248933758890723, -0.4808314782373302, -0.46926761705028036, -0.45780044345473647, -0.4464326243908793, -0.4351668036918354, -0.42400560146879746, -0.4129516135016603, -0.40200741063531586, -0.39117553818174705, -0.38045851532806096, -0.36985883455059626, -0.3593789610352446, -0.3490213321041179, -0.33878835664869555, -0.32868241456958486, -0.31870585622302394, -0.3088610018742544, -0.29915014115789396, -0.28957553254543206, -0.28013940281997324, -0.27084394655835015, -0.26169132562072817, -0.2526836686478154, -0.24382307056580443, -0.23511159209914909, -0.2265512592912991, -0.21814406303349998, -0.20989195860176793, -0.20179686520214773, -0.19386066552435935, -0.18608520530393946, -0.17847229289297217, -0.17102369883952107, -0.16374115547584764, -0.15662635651552023, -0.14968095665950443, -0.14290657121132683, -0.13630477570139973, -0.1298771055205988, -0.12362505556317444, -0.11755007987908002, -0.11165359133580381, -0.105936961289773, -0.10040151926741714, -0.09504855265595707, -0.08987930640399497, -0.08489498273197484, -0.08009674085257998, -0.07548569670113267, -0.07106292267605938, -0.06682944738948123, -0.06278625542798821, -0.058934287123651216, -0.05527443833532871, -0.05180756024031439, -0.048534459136377564, -0.04545589625424128, -0.042572587580541776, -0.03988520369130981, -0.037394369596013916, -0.0351006645922007, -0.03300462213076671, -0.031106729691892952, -0.029407428671671027, -0.027907114279445863, -0.02660613544590234, -0.025504794741913486, -0.024603348308171034, -0.02390200579561409, -0.023400930316670523, -0.023100238407321713, -0.022999999999999545]}