{"X": [-231.0, -230.9879356263209, -230.95174913622273, -230.89146041887804, -230.80710261076132, -230.69872207743612, -230.56637838807117, -230.41014428269938, -230.23010563223778, -230.0263613912903, -229.7990235437593, -229.548217041296, -229.27407973462329, -228.9767622977688, -228.65642814525006, -228.31325334225696, -227.9474265078811, -227.55914871144512, -227.14863336198897, -226.71610609097402, -226.26180462826926, -225.78597867148784, -225.28888974874587, -224.77081107491884, -224.23202740147437, -223.6728348599646, -223.09354079926334, -222.4944636166379, -221.8759325827486, -221.23828766067172, -220.58187931904575, -219.90706833944338, -219.21422561807506, -218.5037319619336, -217.77597787949114, -217.03136336606423, -216.27029768396426, -215.49319913755502, -214.70049484333984, -213.89262049520588, -213.07002012495363, -212.23314585824394, -211.38245766609626, -210.51842311207471, -209.64151709530154, -208.75222158943814, -207.851025377778, -206.9384237845971, -206.0149184029086, -205.08101681877264, -204.13723233231175, -203.184083675586, -202.22209472748222, -201.25179422577463, -200.27371547651495, -199.28839606091125, -198.2963775398576, -197.29820515627574, -196.29442753543373, -195.2855963834048, -194.27226618383347, -193.25499389317477, -192.2343386345744, -191.210861390558, -190.18512469469835, -189.15769232243036, -188.12912898118313, -187.1], "Y": [-88.49999999999994, -87.47087101881681, -86.44230767756956, -85.41487530530158, -84.38913860944194, -83.36566136542551, -82.34500610682515, -81.32773381616647, -80.31440361659513, -79.30557246456621, -78.30179484372417, -77.30362246014235, -76.31160393908867, -75.32628452348499, -74.34820577422529, -73.37790527251774, -72.41591632441393, -71.46276766768818, -70.51898318122733, -69.58508159709135, -68.66157621540285, -67.74897462222192, -66.8477784105618, -65.95848290469839, -65.08157688792522, -64.21754233390368, -63.366854141755994, -62.52997987504631, -61.70737950479407, -60.89950515666011, -60.10680086244492, -59.32970231603568, -58.568636633935725, -57.8240221205088, -57.09626803806635, -56.38577438192489, -55.69293166055656, -55.01812068095418, -54.36171233932823, -53.72406741725137, -53.10553638336206, -52.50645920073661, -51.927165140035335, -51.36797259852557, -50.82918892508111, -50.31111025125406, -49.814021328512105, -49.33819537173068, -48.88389390902592, -48.45136663801098, -48.04085128855483, -47.65257349211885, -47.28674665774299, -46.94357185474989, -46.62323770223115, -46.32592026537666, -46.051782958703946, -45.800976456240654, -45.57363860870966, -45.36989436776216, -45.18985571730056, -45.03362161192877, -44.90127792256382, -44.792897389238625, -44.708539581121904, -44.648250863777214, -44.61206437367903, -44.59999999999995]}