{"X": [-2.31, -2.3099250409510854, -2.309700189402787, -2.3093255221417035, -2.308801167116361, -2.3081273033935203, -2.307304161097025, -2.306332021329216, -2.305211216074933, -2.303942128088144, -2.3025251907612327, -2.300960887977, -2.299249753943412, -2.297392373011174, -2.2953893794741735, -2.2932414573528677, -2.2909493401606933, -2.2885138106535723, -2.2859357005625998, -2.28321589031001, -2.280355308708512, -2.277354932644103, -2.27421578674246, -2.2709389430190328, -2.2675255205129505, -2.2639766849048724, -2.2602936481189073, -2.2564776679087433, -2.252530047428127, -2.2484521347858353, -2.2442453225853005, -2.2399110474490347, -2.2354507895280267, -2.23086607199627, -2.226158460530602, -2.2213295627760252, -2.216381027796699, -2.2113145455127863, -2.206131846123344, -2.2008346995154673, -2.195424914659869, -2.1899043389931223, -2.1842748577867592, -2.178538393503455, -2.1726969051405063, -2.1667523875608388, -2.1607068708117594, -2.1545624194316995, -2.148321131745177, -2.141985139146219, -2.1355566053704935, -2.1290377257563957, -2.1224307264953417, -2.1157378638715265, -2.1089614234914054, -2.1021037195031593, -2.095167093806418, -2.0881539152525033, -2.0810665788354648, -2.0739075048741977, -2.0666791381859, -2.0593839472511752, -2.0520244233710434, -2.0446030798161683, -2.037122450968574, -2.02958509145616, -2.0219935752802947, -2.0143504949367967, -2.006658460530602, -1.9989200988844136, -1.9911380526416442, -1.9833149793639573, -1.9754535506237096, -1.9675564510916144, -1.9596263776199274, -1.9516660383214741, -1.943678151644833, -1.9356654454459856, -1.9276306560567593, -1.9195765273503687, -1.9115058098043896, -1.9034212595614697, -1.8953256374881107, -1.8872217082318345, -1.879112239277058, -1.871], "Y": [-0.8849999999999993, -0.8729794723240853, -0.8609630496473606, -0.848954835567161, -0.836958930877594, -0.8249794321691213, -0.813020430429578, -0.8010860096471021, -0.7891802454154576, -0.7773072035422228, -0.7654709386603205, -0.7536754928433643, -0.7419248942252951, -0.7302231556247757, -0.7185742731748189, -0.7069822249581094, -0.6954509696484936, -0.6839844451590962, -0.6725865672975253, -0.6612612284286292, -0.6500122961452566, -0.6388436119474767, -0.6277589899307113, -0.6167622154832252, -0.6058570439934173, -0.5950471995673613, -0.5843363737570257, -0.5737282242996126, -0.5632263738684434, -0.5528344088358194, -0.5425558780482794, -0.5323942916146711, -0.5223531197074524, -0.5124357913776308, -0.5026456933837458, -0.49298616903529324, -0.48346051705098925, -0.4740719904322598, -0.4648237953523444, -0.4557190900613906, -0.44676098380791396, -0.4379525357769941, -0.4292967540455637, -0.42079659455515467, -0.4124549601024458, -0.4042746993479608, -0.3962586058432534, -0.388409417076912, -0.3807298135397095, -0.37322241780921867, -0.3658897936542037, -0.35873444515909625, -0.35175881586885227, -0.3449652879544839, -0.33835618139955037, -0.3319337532078856, -0.3257001966328334, -0.3196576404282535, -0.313808148121554, -0.30815371730899926, -0.3026962789735315, -0.29743769682534277, -0.29237976666541904, -0.28752421577227666, -0.28287270231209716, -0.27842681477246617, -0.27418807141990537, -0.2701579197813864, -0.26633773615000217, -0.26272882511496287, -0.2593324191160808, -0.25614967802289307, -0.25318168873856756, -0.2504294648287256, -0.24789394617531108, -0.24557599865562146, -0.24347641384661117, -0.24159590875456913, -0.2399351255702615, -0.238494631449624, -0.23727491832007958, -0.2362764027125445, -0.23549942561918386, -0.2349442523769632, -0.2346110725770363, -0.2344999999999996]}