{"X": [-231.0, -230.99250409510853, -230.9700189402787, -230.93255221417036, -230.8801167116361, -230.81273033935202, -230.7304161097025, -230.6332021329216, -230.5211216074933, -230.39421280881436, -230.2525190761233, -230.09608879769996, -229.92497539434117, -229.73923730111738, -229.53893794741734, -229.32414573528675, -229.09493401606935, -228.85138106535723, -228.59357005625998, -228.321589031001, -228.03553087085123, -227.7354932644103, -227.421578674246, -227.09389430190328, -226.75255205129505, -226.39766849048723, -226.02936481189073, -225.64776679087433, -225.2530047428127, -224.84521347858353, -224.42453225853006, -223.99110474490348, -223.54507895280267, -223.086607199627, -222.61584605306018, -222.13295627760252, -221.6381027796699, -221.1314545512786, -220.6131846123344, -220.08346995154673, -219.54249146598693, -218.99043389931222, -218.42748577867593, -217.85383935034548, -217.26969051405064, -216.67523875608387, -216.07068708117592, -215.45624194316994, -214.8321131745177, -214.1985139146219, -213.55566053704933, -212.90377257563955, -212.24307264953418, -211.57378638715267, -210.89614234914052, -210.21037195031593, -209.51670938064183, -208.8153915252503, -208.10665788354646, -207.39075048741975, -206.66791381859002, -205.93839472511752, -205.20244233710434, -204.4603079816168, -203.71224509685743, -202.958509145616, -202.19935752802945, -201.43504949367966, -200.6658460530602, -199.89200988844135, -199.11380526416443, -198.33149793639572, -197.54535506237096, -196.75564510916143, -195.96263776199274, -195.16660383214742, -194.3678151644833, -193.56654454459857, -192.76306560567593, -191.95765273503687, -191.15058098043895, -190.34212595614696, -189.53256374881107, -188.72217082318346, -187.9112239277058, -187.1], "Y": [-88.49999999999993, -87.29794723240853, -86.09630496473606, -84.8954835567161, -83.6958930877594, -82.49794321691213, -81.30204304295779, -80.1086009647102, -78.91802454154576, -77.73072035422229, -76.54709386603204, -75.36754928433643, -74.1924894225295, -73.02231556247757, -71.85742731748189, -70.69822249581094, -69.54509696484936, -68.39844451590962, -67.25865672975253, -66.12612284286293, -65.00122961452566, -63.88436119474767, -62.77589899307114, -61.676221548322516, -60.58570439934173, -59.50471995673613, -58.433637375702574, -57.37282242996126, -56.32263738684434, -55.28344088358193, -54.25558780482794, -53.23942916146711, -52.23531197074524, -51.243579137763085, -50.26456933837457, -49.29861690352932, -48.34605170509892, -47.40719904322598, -46.48237953523444, -45.57190900613906, -44.676098380791395, -43.79525357769941, -42.92967540455637, -42.07965945551547, -41.24549601024458, -40.42746993479608, -39.62586058432534, -38.8409417076912, -38.07298135397095, -37.322241780921864, -36.58897936542037, -35.873444515909625, -35.175881586885225, -34.49652879544839, -33.83561813995504, -33.19337532078856, -32.57001966328334, -31.96576404282535, -31.3808148121554, -30.815371730899926, -30.269627897353153, -29.74376968253428, -29.237976666541904, -28.752421577227665, -28.287270231209718, -27.842681477246614, -27.418807141990534, -27.015791978138644, -26.633773615000216, -26.272882511496285, -25.93324191160808, -25.614967802289307, -25.318168873856756, -25.04294648287256, -24.78939461753111, -24.557599865562146, -24.347641384661117, -24.159590875456914, -23.99351255702615, -23.8494631449624, -23.727491832007956, -23.62764027125445, -23.549942561918385, -23.49442523769632, -23.46110725770363, -23.44999999999996]}