{"X": [-23.1, -23.09925040951085, -23.09700189402787, -23.093255221417035, -23.08801167116361, -23.0812730339352, -23.07304161097025, -23.06332021329216, -23.05211216074933, -23.039421280881434, -23.02525190761233, -23.009608879769996, -22.99249753943412, -22.97392373011174, -22.953893794741735, -22.932414573528675, -22.909493401606934, -22.885138106535724, -22.859357005626, -22.8321589031001, -22.803553087085124, -22.77354932644103, -22.742157867424602, -22.709389430190328, -22.675255205129506, -22.639766849048723, -22.602936481189072, -22.564776679087434, -22.52530047428127, -22.484521347858355, -22.442453225853008, -22.39911047449035, -22.354507895280268, -22.3086607199627, -22.26158460530602, -22.213295627760253, -22.16381027796699, -22.11314545512786, -22.06131846123344, -22.008346995154675, -21.95424914659869, -21.899043389931222, -21.842748577867592, -21.78538393503455, -21.726969051405064, -21.66752387560839, -21.60706870811759, -21.545624194316993, -21.48321131745177, -21.419851391462192, -21.355566053704933, -21.290377257563954, -21.224307264953417, -21.157378638715265, -21.089614234914052, -21.021037195031592, -20.951670938064183, -20.88153915252503, -20.810665788354648, -20.739075048741974, -20.666791381859003, -20.593839472511753, -20.520244233710436, -20.44603079816168, -20.371224509685742, -20.2958509145616, -20.219935752802947, -20.143504949367966, -20.06658460530602, -19.989200988844136, -19.911380526416444, -19.83314979363957, -19.754535506237097, -19.675564510916143, -19.596263776199272, -19.51666038321474, -19.436781516448328, -19.356654454459857, -19.276306560567594, -19.19576527350369, -19.115058098043896, -19.034212595614697, -18.953256374881107, -18.872217082318347, -18.791122392770582, -18.71], "Y": [-8.849999999999993, -8.729794723240854, -8.609630496473606, -8.48954835567161, -8.36958930877594, -8.249794321691214, -8.130204304295779, -8.01086009647102, -7.891802454154576, -7.773072035422229, -7.654709386603204, -7.536754928433643, -7.419248942252951, -7.302231556247757, -7.1857427317481894, -7.069822249581094, -6.954509696484936, -6.839844451590961, -6.725865672975253, -6.612612284286293, -6.500122961452566, -6.3884361194747665, -6.277589899307114, -6.167622154832252, -6.058570439934173, -5.950471995673613, -5.843363737570257, -5.737282242996126, -5.6322637386844345, -5.528344088358193, -5.425558780482794, -5.323942916146711, -5.223531197074523, -5.124357913776309, -5.026456933837457, -4.929861690352932, -4.834605170509892, -4.740719904322598, -4.648237953523444, -4.5571909006139055, -4.46760983807914, -4.379525357769941, -4.292967540455637, -4.207965945551547, -4.124549601024458, -4.042746993479608, -3.962586058432534, -3.88409417076912, -3.807298135397095, -3.7322241780921863, -3.6588979365420373, -3.5873444515909627, -3.5175881586885227, -3.449652879544839, -3.3835618139955037, -3.319337532078856, -3.257001966328334, -3.196576404282535, -3.13808148121554, -3.0815371730899925, -3.0269627897353155, -2.974376968253428, -2.9237976666541905, -2.8752421577227665, -2.8287270231209716, -2.7842681477246614, -2.7418807141990533, -2.7015791978138646, -2.6633773615000216, -2.6272882511496283, -2.593324191160808, -2.561496780228931, -2.5318168873856757, -2.5042946482872557, -2.478939461753111, -2.4557599865562145, -2.434764138466112, -2.4159590875456916, -2.399351255702615, -2.38494631449624, -2.3727491832007956, -2.362764027125445, -2.3549942561918384, -2.349442523769632, -2.3461107257703633, -2.344999999999996]}