{"X": [-2.31, -2.309879356263209, -2.3095174913622274, -2.3089146041887805, -2.3080710261076134, -2.3069872207743614, -2.305663783880712, -2.304101442826994, -2.302301056322378, -2.300263613912903, -2.297990235437593, -2.29548217041296, -2.292740797346233, -2.289767622977688, -2.2865642814525007, -2.2831325334225694, -2.279474265078811, -2.2755914871144514, -2.27148633361989, -2.26716106090974, -2.2626180462826926, -2.2578597867148784, -2.2528888974874586, -2.2477081107491883, -2.2423202740147437, -2.2367283485996463, -2.2309354079926336, -2.224944636166379, -2.218759325827486, -2.2123828766067173, -2.2058187931904576, -2.199070683394434, -2.1921422561807504, -2.185037319619336, -2.1777597787949112, -2.1703136336606423, -2.1627029768396424, -2.15493199137555, -2.1470049484333984, -2.1389262049520585, -2.130700201249536, -2.1223314585824395, -2.1138245766609627, -2.105184231120747, -2.096415170953015, -2.0875222158943814, -2.07851025377778, -2.069384237845971, -2.0601491840290858, -2.050810168187726, -2.0413723233231176, -2.03184083675586, -2.022220947274822, -2.0125179422577464, -2.0027371547651494, -1.9928839606091124, -1.9829637753985758, -1.9729820515627574, -1.9629442753543374, -1.952855963834048, -1.9427226618383346, -1.9325499389317478, -1.9223433863457442, -1.9121086139055798, -1.9018512469469835, -1.8915769232243036, -1.8812912898118312, -1.871], "Y": [-0.8849999999999995, -0.8747087101881681, -0.8644230767756956, -0.8541487530530157, -0.8438913860944194, -0.8336566136542551, -0.8234500610682516, -0.8132773381616647, -0.8031440361659513, -0.7930557246456621, -0.7830179484372417, -0.7730362246014235, -0.7631160393908867, -0.7532628452348499, -0.743482057742253, -0.7337790527251774, -0.7241591632441393, -0.7146276766768819, -0.7051898318122732, -0.6958508159709135, -0.6866157621540284, -0.6774897462222192, -0.668477784105618, -0.6595848290469839, -0.6508157688792522, -0.6421754233390368, -0.6336685414175599, -0.625299798750463, -0.6170737950479407, -0.6089950515666012, -0.6010680086244492, -0.5932970231603568, -0.5856863663393572, -0.578240221205088, -0.5709626803806634, -0.5638577438192489, -0.5569293166055655, -0.5501812068095419, -0.5436171233932823, -0.5372406741725136, -0.5310553638336206, -0.5250645920073661, -0.5192716514003534, -0.5136797259852557, -0.5082918892508111, -0.5031111025125405, -0.49814021328512104, -0.49338195371730675, -0.4888389390902592, -0.4845136663801098, -0.4804085128855483, -0.4765257349211885, -0.4728674665774299, -0.4694357185474989, -0.4662323770223115, -0.4632592026537666, -0.46051782958703946, -0.45800976456240655, -0.4557363860870966, -0.4536989436776216, -0.4518985571730056, -0.4503362161192877, -0.4490127792256382, -0.44792897389238623, -0.44708539581121903, -0.44648250863777217, -0.44612064373679033, -0.4459999999999995]}