{"X": [-23.1, -23.099489505094958, -23.097958139106513, -23.09540625818707, -23.091834455831936, -23.087243562741296, -23.081634646627016, -23.075009011964305, -23.067368199688353, -23.058713986835947, -23.04904838613217, -23.038373645522316, -23.02669224764907, -23.014006909275114, -23.000320580651298, -22.985636444830483, -22.969957916927264, -22.953288643323685, -22.935632500821235, -22.916993595739175, -22.897376262959547, -22.876785064918998, -22.855224790547677, -22.832700454155482, -22.80921729426586, -22.78478077239748, -22.759396571794035, -22.73307059610249, -22.705808968000042, -22.67761802777018, -22.648504331828097, -22.618474651195864, -22.587535969927682, -22.55569548348558, -22.522960597065953, -22.489338923877348, -22.454838283369803, -22.419466699416315, -22.383232398446665, -22.346143807534222, -22.30820955243602, -22.269438455586663, -22.229839534046473, -22.189421997404374, -22.148195245636003, -22.106168866917553, -22.06335263539582, -22.019756508915002, -21.97539062670083, -21.930265307002422, -21.884391044692578, -21.83777850882696, -21.79043854016278, -21.74238214863753, -21.693620510808405, -21.644164967252927, -21.594027019931463, -21.543218329512204, -21.49175071265919, -21.43963613928413, -21.386886729762498, -21.33351475211471, -21.27953261915291, -21.224952885594114, -21.169788245140325, -21.114051527526343, -21.057755695535935, -21.000913841987053, -20.943539186686817, -20.885645073356965, -20.827244966530472, -20.768352448420092, -20.708981215759504, -20.649145076617867, -20.588857947188416, -20.52813384855198, -20.46698690341606, -20.405431332830293, -20.343481452879033, -20.28115167135184, -20.218456484392632, -20.155410473128295, -20.092028300277526, -20.028324706740694, -19.96431450817152, -19.9000125915314, -19.835433911627078, -19.770593487632624, -19.705506399596366, -19.640187784933723, -19.574652834906637, -19.50891679109056, -19.442994941829646, -19.376902618681164, -19.310655192849765, -19.244268071612613, -19.177756694736054, -19.111136530884803, -19.04442307402433, -18.977631839817423, -18.910778362015687, -18.843878188846823, -18.776946879398544, -18.71], "Y": [-8.849999999999993, -8.718546218584171, -8.587123009599175, -8.455760938365547, -8.324490555984916, -8.19334239223468, -8.062346948467644, -7.9315346905182595, -7.800936041617144, -7.6705813753154874, -7.540501008421034, -7.410725193947246, -7.2812841140773035, -7.152207873144588, -7.023526490631269, -6.895269894186619, -6.767467912666682, -6.640150269196935, -6.513346574259525, -6.387086318806709, -6.261398867402096, -6.136313451391272, -6.01185916210343, -5.888064944085533, -5.764959588370645, -5.64257172578194, -5.520929820273999, -5.400062162312878, -5.279996862296562, -5.160761844017271, -5.042384838167188, -4.924893375889072, -4.808314782373302, -4.6926761705028035, -4.578004434547365, -4.4643262439087925, -4.351668036918354, -4.240056014687974, -4.129516135016603, -4.020074106353158, -3.9117553818174704, -3.80458515328061, -3.698588345505963, -3.593789610352446, -3.490213321041179, -3.3878835664869555, -3.2868241456958485, -3.187058562230239, -3.088610018742544, -2.99150141157894, -2.8957553254543207, -2.801394028199732, -2.7084394655835013, -2.616913256207282, -2.526836686478154, -2.4382307056580443, -2.3511159209914907, -2.265512592912991, -2.1814406303349996, -2.0989195860176793, -2.0179686520214775, -1.9386066552435934, -1.8608520530393946, -1.7847229289297217, -1.7102369883952107, -1.6374115547584764, -1.5662635651552024, -1.4968095665950443, -1.4290657121132682, -1.3630477570139974, -1.2987710552059881, -1.2362505556317445, -1.1755007987908002, -1.1165359133580381, -1.05936961289773, -1.0040151926741714, -0.9504855265595709, -0.8987930640399497, -0.8489498273197483, -0.8009674085257998, -0.7548569670113267, -0.7106292267605937, -0.6682944738948123, -0.6278625542798821, -0.5893428712365122, -0.5527443833532871, -0.5180756024031439, -0.4853445913637756, -0.4545589625424128, -0.42572587580541776, -0.3988520369130981, -0.37394369596013916, -0.35100664592200703, -0.33004622130766703, -0.31106729691892954, -0.29407428671671026, -0.27907114279445866, -0.2660613544590234, -0.25504794741913484, -0.24603348308171036, -0.23902005795614087, -0.23400930316670526, -0.2310023840732171, -0.22999999999999546]}