{"X": [-23.1, -23.09879356263209, -23.095174913622273, -23.089146041887805, -23.08071026107613, -23.06987220774361, -23.056637838807116, -23.04101442826994, -23.023010563223778, -23.00263613912903, -22.97990235437593, -22.9548217041296, -22.92740797346233, -22.89767622977688, -22.865642814525007, -22.831325334225696, -22.79474265078811, -22.755914871144512, -22.714863336198896, -22.671610609097403, -22.626180462826927, -22.578597867148783, -22.528888974874587, -22.477081107491884, -22.42320274014744, -22.36728348599646, -22.309354079926333, -22.24944636166379, -22.18759325827486, -22.12382876606717, -22.058187931904577, -21.990706833944337, -21.921422561807507, -21.85037319619336, -21.777597787949112, -21.703136336606423, -21.627029768396426, -21.549319913755504, -21.470049484333984, -21.38926204952059, -21.307002012495364, -21.223314585824394, -21.138245766609625, -21.051842311207473, -20.964151709530153, -20.875222158943814, -20.7851025377778, -20.69384237845971, -20.60149184029086, -20.508101681877264, -20.413723233231174, -20.3184083675586, -20.222209472748222, -20.125179422577464, -20.027371547651494, -19.928839606091124, -19.829637753985757, -19.729820515627573, -19.629442753543373, -19.52855963834048, -19.427226618383347, -19.32549938931748, -19.22343386345744, -19.121086139055798, -19.018512469469833, -18.915769232243036, -18.812912898118313, -18.71], "Y": [-8.849999999999994, -8.74708710188168, -8.644230767756955, -8.541487530530159, -8.438913860944194, -8.336566136542551, -8.234500610682515, -8.132773381616648, -8.031440361659513, -7.930557246456621, -7.830179484372417, -7.730362246014235, -7.631160393908867, -7.532628452348499, -7.4348205774225296, -7.337790527251774, -7.241591632441393, -7.1462767667688185, -7.051898318122733, -6.958508159709135, -6.866157621540284, -6.774897462222192, -6.68477784105618, -6.595848290469839, -6.508157688792522, -6.421754233390368, -6.3366854141756, -6.252997987504631, -6.170737950479407, -6.089950515666011, -6.010680086244492, -5.9329702316035675, -5.856863663393573, -5.78240221205088, -5.709626803806635, -5.638577438192489, -5.569293166055656, -5.501812068095418, -5.436171233932823, -5.372406741725137, -5.310553638336206, -5.25064592007366, -5.192716514003534, -5.136797259852557, -5.082918892508111, -5.031111025125406, -4.98140213285121, -4.9338195371730675, -4.888389390902592, -4.845136663801098, -4.804085128855483, -4.765257349211884, -4.728674665774299, -4.694357185474989, -4.662323770223115, -4.632592026537666, -4.605178295870394, -4.580097645624066, -4.557363860870966, -4.536989436776215, -4.518985571730056, -4.503362161192877, -4.4901277922563825, -4.479289738923862, -4.47085395811219, -4.464825086377721, -4.4612064373679035, -4.4599999999999955]}