{"X": [-2.31, -2.31, -2.31, -2.31, -2.31, -2.31, -2.31, -2.31, -2.31, -2.31, -2.31, -2.31, -2.31, -2.31, -2.31, -2.31, -2.31, -2.31, -2.31, -2.31, -2.31, -2.31, -2.31, -2.31, -2.31, -2.31, -2.31, -2.31, -2.31, -2.31, -2.31, -2.31, -2.31, -2.31, -2.31, -2.31, -2.31, -2.31, -2.31, -2.31, -2.31, -2.31, -2.31, -2.31, -2.31, -2.31, -2.31, -2.31, -2.31, -2.31, -2.31, -2.31, -2.31, -2.31, -2.31, -2.31, -2.31, -2.31, -2.31, -2.31, -2.31, -2.31, -2.31, -2.31, -2.31, -2.31, -2.31, -2.31, -2.31, -2.31, -2.31, -2.31, -2.31, -2.31, -2.31, -2.31, -2.31, -2.31, -2.31, -2.31, -2.31, -2.31, -2.31, -2.31, -2.31, -2.31, -2.31, -2.31, -2.31, -2.31, -2.31, -2.31, -2.31, -2.31, -2.31, -2.31, -2.31, -2.31, -2.31, -2.31, -2.31, -2.31, -2.31, -2.31, -2.31, -2.31, -2.31, -2.31, -2.31, -2.31, -2.31, -2.31, -2.31, -2.31, -2.31, -2.31, -2.31, -2.31, -2.31, -2.31, -2.31, -2.31, -2.31], "Y": [-2.122, -2.111860655737705, -2.10172131147541, -2.0915819672131146, -2.0814426229508194, -2.0713032786885246, -2.0611639344262294, -2.051024590163934, -2.0408852459016393, -2.030745901639344, -2.020606557377049, -2.0104672131147536, -2.000327868852459, -1.9901885245901638, -1.9800491803278686, -1.9699098360655736, -1.9597704918032783, -1.9496311475409833, -1.9394918032786885, -1.9293524590163933, -1.9192131147540983, -1.909073770491803, -1.898934426229508, -1.888795081967213, -1.8786557377049178, -1.8685163934426228, -1.8583770491803275, -1.8482377049180325, -1.8380983606557373, -1.8279590163934423, -1.8178196721311475, -1.8076803278688522, -1.7975409836065572, -1.7874016393442622, -1.777262295081967, -1.767122950819672, -1.7569836065573767, -1.7468442622950817, -1.7367049180327865, -1.7265655737704915, -1.7164262295081967, -1.7062868852459012, -1.6961475409836064, -1.6860081967213112, -1.6758688524590162, -1.665729508196721, -1.655590163934426, -1.645450819672131, -1.6353114754098357, -1.6251721311475407, -1.6150327868852457, -1.6048934426229504, -1.5947540983606556, -1.5846147540983602, -1.5744754098360654, -1.5643360655737701, -1.5541967213114751, -1.5440573770491801, -1.5339180327868849, -1.5237786885245899, -1.5136393442622949, -1.5034999999999996, -1.4933606557377044, -1.4832213114754094, -1.4730819672131146, -1.4629426229508191, -1.4528032786885243, -1.4426639344262293, -1.432524590163934, -1.422385245901639, -1.412245901639344, -1.4021065573770488, -1.3919672131147536, -1.3818278688524586, -1.3716885245901635, -1.3615491803278683, -1.351409836065573, -1.3412704918032785, -1.3311311475409833, -1.320991803278688, -1.3108524590163932, -1.300713114754098, -1.2905737704918028, -1.2804344262295078, -1.2702950819672127, -1.2601557377049175, -1.2500163934426225, -1.2398770491803275, -1.2297377049180325, -1.2195983606557372, -1.2094590163934422, -1.199319672131147, -1.189180327868852, -1.179040983606557, -1.168901639344262, -1.1587622950819667, -1.1486229508196717, -1.1384836065573767, -1.1283442622950814, -1.1182049180327864, -1.1080655737704914, -1.0979262295081962, -1.0877868852459012, -1.077647540983606, -1.067508196721311, -1.057368852459016, -1.047229508196721, -1.0370901639344259, -1.0269508196721306, -1.0168114754098356, -1.0066721311475404, -0.9965327868852454, -0.9863934426229503, -0.9762540983606551, -0.96611475409836, -0.9559754098360649, -0.94583606557377, -0.9356967213114749, -0.9255573770491798, -0.9154180327868847, -0.9052786885245897, -0.8951393442622946, -0.8849999999999995]}