{"X": [-231.0, -231.0, -231.0, -231.0, -231.0, -231.0, -231.0, -231.0, -231.0, -231.0, -231.0, -231.0, -231.0, -231.0, -231.0, -231.0, -231.0, -231.0, -231.0, -231.0, -231.0, -231.0, -231.0, -231.0, -231.0, -231.0, -231.0, -231.0, -231.0, -231.0, -231.0, -231.0, -231.0, -231.0, -231.0, -231.0, -231.0, -231.0, -231.0, -231.0, -231.0, -231.0, -231.0, -231.0, -231.0, -231.0, -231.0, -231.0, -231.0, -231.0, -231.0, -231.0, -231.0, -231.0, -231.0, -231.0, -231.0, -231.0, -231.0, -231.0, -231.0, -231.0, -231.0, -231.0, -231.0, -231.0, -231.0, -231.0, -231.0, -231.0, -231.0, -231.0, -231.0, -231.0, -231.0, -231.0, -231.0, -231.0, -231.0, -231.0, -231.0, -231.0, -231.0, -231.0, -231.0, -231.0, -231.0, -231.0, -231.0, -231.0, -231.0, -231.0, -231.0, -231.0, -231.0, -231.0, -231.0, -231.0, -231.0, -231.0, -231.0, -231.0, -231.0, -231.0, -231.0, -231.0, -231.0, -231.0, -231.0, -231.0, -231.0, -231.0, -231.0, -231.0, -231.0, -231.0, -231.0, -231.0, -231.0, -231.0, -231.0, -231.0, -231.0], "Y": [-212.2, -211.1860655737705, -210.17213114754097, -209.15819672131147, -208.14426229508194, -207.13032786885245, -206.11639344262295, -205.10245901639342, -204.08852459016393, -203.0745901639344, -202.0606557377049, -201.04672131147538, -200.03278688524588, -199.0188524590164, -198.00491803278686, -196.99098360655736, -195.97704918032784, -194.96311475409834, -193.94918032786885, -192.93524590163932, -191.92131147540982, -190.9073770491803, -189.8934426229508, -188.8795081967213, -187.86557377049178, -186.85163934426228, -185.83770491803276, -184.82377049180326, -183.80983606557373, -182.79590163934424, -181.78196721311474, -180.76803278688521, -179.75409836065572, -178.74016393442622, -177.7262295081967, -176.7122950819672, -175.69836065573767, -174.68442622950818, -173.67049180327865, -172.65655737704915, -171.64262295081966, -170.62868852459013, -169.61475409836063, -168.6008196721311, -167.5868852459016, -166.5729508196721, -165.5590163934426, -164.5450819672131, -163.53114754098357, -162.51721311475407, -161.50327868852457, -160.48934426229505, -159.47540983606555, -158.46147540983603, -157.44754098360653, -156.433606557377, -155.4196721311475, -154.405737704918, -153.39180327868849, -152.377868852459, -151.3639344262295, -150.34999999999997, -149.33606557377044, -148.32213114754094, -147.30819672131145, -146.29426229508192, -145.28032786885242, -144.26639344262293, -143.2524590163934, -142.2385245901639, -141.2245901639344, -140.21065573770488, -139.19672131147536, -138.18278688524586, -137.16885245901636, -136.15491803278684, -135.1409836065573, -134.12704918032784, -133.11311475409832, -132.0991803278688, -131.08524590163933, -130.0713114754098, -129.05737704918027, -128.04344262295078, -127.02950819672127, -126.01557377049176, -125.00163934426224, -123.98770491803275, -122.97377049180324, -121.95983606557373, -120.94590163934421, -119.9319672131147, -118.9180327868852, -117.9040983606557, -116.89016393442618, -115.87622950819667, -114.86229508196716, -113.84836065573766, -112.83442622950815, -111.82049180327864, -110.80655737704913, -109.79262295081962, -108.77868852459011, -107.7647540983606, -106.7508196721311, -105.73688524590159, -104.72295081967208, -103.70901639344258, -102.69508196721307, -101.68114754098356, -100.66721311475405, -99.65327868852454, -98.63934426229503, -97.62540983606551, -96.611475409836, -95.59754098360649, -94.583606557377, -93.56967213114748, -92.55573770491799, -91.54180327868848, -90.52786885245897, -89.51393442622945, -88.49999999999994]}