{"X": [-23.1, -23.1, -23.1, -23.1, -23.1, -23.1, -23.1, -23.1, -23.1, -23.1, -23.1, -23.1, -23.1, -23.1, -23.1, -23.1, -23.1, -23.1, -23.1, -23.1, -23.1, -23.1, -23.1, -23.1, -23.1, -23.1, -23.1, -23.1, -23.1, -23.1, -23.1, -23.1, -23.1, -23.1, -23.1, -23.1, -23.1, -23.1, -23.1, -23.1, -23.1, -23.1, -23.1, -23.1, -23.1, -23.1, -23.1, -23.1, -23.1, -23.1, -23.1, -23.1, -23.1, -23.1, -23.1, -23.1, -23.1, -23.1, -23.1, -23.1, -23.1, -23.1, -23.1, -23.1, -23.1, -23.1, -23.1, -23.1, -23.1, -23.1, -23.1, -23.1, -23.1, -23.1, -23.1, -23.1, -23.1, -23.1, -23.1, -23.1, -23.1, -23.1, -23.1, -23.1, -23.1, -23.1, -23.1, -23.1, -23.1, -23.1, -23.1, -23.1, -23.1, -23.1, -23.1, -23.1, -23.1, -23.1, -23.1, -23.1, -23.1, -23.1, -23.1, -23.1, -23.1, -23.1, -23.1, -23.1, -23.1, -23.1, -23.1, -23.1, -23.1, -23.1, -23.1, -23.1, -23.1, -23.1, -23.1, -23.1, -23.1, -23.1, -23.1], "Y": [-21.22, -21.11860655737705, -21.017213114754096, -20.915819672131146, -20.814426229508193, -20.713032786885243, -20.611639344262294, -20.510245901639344, -20.408852459016394, -20.30745901639344, -20.20606557377049, -20.104672131147538, -20.00327868852459, -19.90188524590164, -19.800491803278685, -19.699098360655736, -19.597704918032782, -19.496311475409833, -19.394918032786883, -19.293524590163933, -19.192131147540984, -19.09073770491803, -18.98934426229508, -18.88795081967213, -18.786557377049178, -18.685163934426228, -18.583770491803275, -18.482377049180325, -18.380983606557372, -18.279590163934422, -18.178196721311473, -18.076803278688523, -17.975409836065573, -17.874016393442623, -17.77262295081967, -17.67122950819672, -17.569836065573767, -17.468442622950818, -17.367049180327864, -17.265655737704915, -17.164262295081965, -17.06286885245901, -16.961475409836062, -16.860081967213112, -16.758688524590163, -16.65729508196721, -16.55590163934426, -16.45450819672131, -16.353114754098357, -16.251721311475407, -16.150327868852457, -16.048934426229504, -15.947540983606554, -15.846147540983603, -15.744754098360653, -15.6433606557377, -15.54196721311475, -15.4405737704918, -15.33918032786885, -15.2377868852459, -15.13639344262295, -15.034999999999997, -14.933606557377043, -14.832213114754094, -14.730819672131144, -14.629426229508192, -14.528032786885243, -14.426639344262293, -14.32524590163934, -14.22385245901639, -14.12245901639344, -14.021065573770489, -13.919672131147536, -13.818278688524586, -13.716885245901636, -13.615491803278683, -13.514098360655732, -13.412704918032784, -13.311311475409832, -13.209918032786879, -13.108524590163933, -13.00713114754098, -12.905737704918028, -12.804344262295078, -12.702950819672127, -12.601557377049176, -12.500163934426224, -12.398770491803274, -12.297377049180323, -12.195983606557373, -12.094590163934422, -11.99319672131147, -11.89180327868852, -11.79040983606557, -11.689016393442618, -11.587622950819668, -11.486229508196717, -11.384836065573767, -11.283442622950815, -11.182049180327864, -11.080655737704912, -10.979262295081963, -10.877868852459011, -10.77647540983606, -10.67508196721311, -10.573688524590159, -10.472295081967207, -10.370901639344257, -10.269508196721308, -10.168114754098356, -10.066721311475405, -9.965327868852453, -9.863934426229502, -9.762540983606552, -9.6611475409836, -9.55975409836065, -9.4583606557377, -9.356967213114748, -9.255573770491798, -9.154180327868847, -9.052786885245897, -8.951393442622946, -8.849999999999994]}