{"X": [52.6, 52.6, 52.6, 52.6, 52.6, 52.6, 52.6, 52.6, 52.6, 52.6, 52.6, 52.6, 52.6, 52.6, 52.6, 52.6, 52.6, 52.6, 52.6, 52.6, 52.6, 52.6, 52.6, 52.6, 52.6, 52.6, 52.6, 52.6, 52.6, 52.6, 52.6, 52.6, 52.6, 52.6, 52.6, 52.6, 52.6, 52.6, 52.6, 52.6, 52.6, 52.6, 52.6, 52.6, 52.6, 52.6, 52.6, 52.6, 52.6, 52.6, 52.6, 52.6, 52.6, 52.6, 52.6, 52.6, 52.6, 52.6, 52.6, 52.6, 52.6, 52.6, 52.6, 52.6, 52.6, 52.6, 52.6, 52.6, 52.6, 52.6, 52.6], "Y": [-212.19999999999996, -211.1728571428571, -210.14571428571423, -209.11857142857139, -208.09142857142854, -207.0642857142857, -206.0371428571428, -205.00999999999996, -203.9828571428571, -202.95571428571427, -201.9285714285714, -200.90142857142854, -199.8742857142857, -198.8471428571428, -197.81999999999996, -196.79285714285712, -195.76571428571427, -194.7385714285714, -193.71142857142854, -192.6842857142857, -191.65714285714284, -190.62999999999997, -189.60285714285712, -188.57571428571427, -187.5485714285714, -186.52142857142854, -185.4942857142857, -184.46714285714285, -183.43999999999997, -182.41285714285712, -181.38571428571427, -180.35857142857142, -179.33142857142855, -178.3042857142857, -177.27714285714285, -176.25, -175.22285714285712, -174.19571428571427, -173.16857142857143, -172.14142857142855, -171.1142857142857, -170.08714285714285, -169.06, -168.03285714285713, -167.00571428571428, -165.97857142857143, -164.95142857142855, -163.9242857142857, -162.89714285714285, -161.87, -160.84285714285716, -159.81571428571428, -158.78857142857143, -157.76142857142858, -156.7342857142857, -155.70714285714286, -154.68, -153.65285714285716, -152.62571428571428, -151.59857142857143, -150.57142857142858, -149.5442857142857, -148.51714285714286, -147.49, -146.46285714285716, -145.4357142857143, -144.40857142857143, -143.38142857142856, -142.3542857142857, -141.32714285714286, -140.3]}