{"X": [5.26, 5.26, 5.26, 5.26, 5.26, 5.26, 5.26, 5.26, 5.26, 5.26, 5.26, 5.26, 5.26, 5.26, 5.26, 5.26, 5.26, 5.26, 5.26, 5.26, 5.26, 5.26, 5.26, 5.26, 5.26, 5.26, 5.26, 5.26, 5.26, 5.26, 5.26, 5.26, 5.26, 5.26, 5.26, 5.26, 5.26, 5.26, 5.26, 5.26, 5.26, 5.26, 5.26, 5.26, 5.26, 5.26, 5.26, 5.26, 5.26, 5.26, 5.26, 5.26, 5.26, 5.26, 5.26, 5.26, 5.26, 5.26, 5.26, 5.26, 5.26, 5.26, 5.26, 5.26, 5.26, 5.26, 5.26, 5.26, 5.26, 5.26, 5.26], "Y": [-21.219999999999995, -21.11728571428571, -21.014571428571422, -20.911857142857137, -20.809142857142852, -20.706428571428567, -20.603714285714283, -20.500999999999998, -20.398285714285713, -20.295571428571428, -20.19285714285714, -20.090142857142855, -19.98742857142857, -19.88471428571428, -19.781999999999996, -19.67928571428571, -19.576571428571427, -19.47385714285714, -19.371142857142853, -19.26842857142857, -19.165714285714284, -19.062999999999995, -18.96028571428571, -18.857571428571426, -18.75485714285714, -18.652142857142856, -18.54942857142857, -18.446714285714286, -18.343999999999998, -18.241285714285713, -18.138571428571428, -18.035857142857143, -17.933142857142855, -17.83042857142857, -17.727714285714285, -17.625, -17.52228571428571, -17.419571428571427, -17.316857142857142, -17.214142857142853, -17.11142857142857, -17.008714285714284, -16.906, -16.803285714285714, -16.70057142857143, -16.597857142857144, -16.495142857142856, -16.39242857142857, -16.289714285714286, -16.187, -16.084285714285716, -15.981571428571428, -15.878857142857143, -15.776142857142858, -15.67342857142857, -15.570714285714285, -15.468, -15.365285714285715, -15.262571428571428, -15.159857142857144, -15.057142857142859, -14.95442857142857, -14.851714285714285, -14.749, -14.646285714285716, -14.54357142857143, -14.440857142857144, -14.338142857142856, -14.23542857142857, -14.132714285714286, -14.030000000000001]}