{"X": [0.526, 0.526, 0.526, 0.526, 0.526, 0.526, 0.526, 0.526, 0.526, 0.526, 0.526, 0.526, 0.526, 0.526, 0.526, 0.526, 0.526, 0.526, 0.526, 0.526, 0.526, 0.526, 0.526, 0.526, 0.526, 0.526, 0.526, 0.526, 0.526, 0.526, 0.526, 0.526, 0.526, 0.526, 0.526, 0.526, 0.526, 0.526, 0.526, 0.526, 0.526, 0.526, 0.526, 0.526, 0.526, 0.526, 0.526, 0.526, 0.526, 0.526, 0.526, 0.526, 0.526, 0.526, 0.526, 0.526, 0.526, 0.526, 0.526, 0.526, 0.526, 0.526, 0.526, 0.526, 0.526, 0.526, 0.526, 0.526, 0.526, 0.526, 0.526], "Y": [-2.1219999999999994, -2.111728571428571, -2.1014571428571425, -2.091185714285714, -2.0809142857142855, -2.070642857142857, -2.060371428571428, -2.0500999999999996, -2.039828571428571, -2.0295571428571426, -2.0192857142857137, -2.009014285714285, -1.998742857142857, -1.9884714285714282, -1.9781999999999997, -1.9679285714285712, -1.9576571428571428, -1.9473857142857138, -1.9371142857142853, -1.9268428571428569, -1.9165714285714284, -1.9062999999999997, -1.8960285714285712, -1.8857571428571427, -1.875485714285714, -1.8652142857142855, -1.854942857142857, -1.8446714285714285, -1.8343999999999996, -1.824128571428571, -1.8138571428571426, -1.8035857142857141, -1.7933142857142854, -1.783042857142857, -1.7727714285714284, -1.7625, -1.7522285714285712, -1.7419571428571428, -1.7316857142857143, -1.7214142857142856, -1.711142857142857, -1.7008714285714286, -1.6906, -1.6803285714285712, -1.6700571428571427, -1.6597857142857142, -1.6495142857142855, -1.639242857142857, -1.6289714285714285, -1.6187, -1.6084285714285715, -1.5981571428571428, -1.5878857142857143, -1.5776142857142859, -1.5673428571428571, -1.5570714285714287, -1.5468000000000002, -1.5365285714285717, -1.5262571428571428, -1.5159857142857143, -1.5057142857142858, -1.495442857142857, -1.4851714285714286, -1.4749, -1.4646285714285716, -1.4543571428571431, -1.4440857142857144, -1.4338142857142855, -1.423542857142857, -1.4132714285714285, -1.403]}