{"X": [231.1, 231.08793562632093, 231.05174913622272, 230.99146041887803, 230.9071026107613, 230.7987220774361, 230.66637838807117, 230.5101442826994, 230.3301056322378, 230.1263613912903, 229.89902354375928, 229.648217041296, 229.37407973462328, 229.0767622977688, 228.75642814525006, 228.41325334225695, 228.04742650788108, 227.6591487114451, 227.24863336198896, 226.81610609097402, 226.36180462826925, 225.88597867148783, 225.3888897487459, 224.87081107491883, 224.33202740147436, 223.77283485996463, 223.1935407992633, 222.59446361663788, 221.97593258274856, 221.3382876606717, 220.68187931904578, 220.00706833944335, 219.31422561807506, 218.6037319619336, 217.87597787949113, 217.13136336606422, 216.37029768396428, 215.593199137555, 214.80049484333983, 213.99262049520587, 213.17002012495362, 212.33314585824397, 211.48245766609622, 210.6184231120747, 209.74151709530153, 208.8522215894381, 207.951025377778, 207.0384237845971, 206.11491840290861, 205.1810168187726, 204.23723233231175, 203.284083675586, 202.3220947274822, 201.35179422577463, 200.37371547651492, 199.38839606091125, 198.39637753985758, 197.39820515627576, 196.39442753543375, 195.38559638340482, 194.37226618383346, 193.35499389317476, 192.3343386345744, 191.310861390558, 190.2851246946983, 189.25769232243033, 188.2291289811831, 187.2], "Y": [-212.2, -213.22912898118312, -214.25769232243036, -215.28512469469837, -216.31086139055802, -217.3343386345744, -218.35499389317476, -219.37226618383346, -220.3855963834048, -221.39442753543375, -222.39820515627576, -223.39637753985758, -224.38839606091125, -225.37371547651495, -226.35179422577463, -227.3220947274822, -228.284083675586, -229.23723233231175, -230.1810168187726, -231.1149184029086, -232.0384237845971, -232.95102537777802, -233.85222158943813, -234.74151709530153, -235.6184231120747, -236.48245766609622, -237.33314585824394, -238.17002012495362, -238.99262049520584, -239.80049484333983, -240.593199137555, -241.37029768396428, -242.1313633660642, -242.87597787949113, -243.60373196193356, -244.31422561807506, -245.00706833944335, -245.68187931904575, -246.3382876606717, -246.97593258274856, -247.59446361663785, -248.1935407992633, -248.7728348599646, -249.33202740147436, -249.8708110749188, -250.38888974874587, -250.8859786714878, -251.36180462826923, -251.816106090974, -252.24863336198894, -252.65914871144508, -253.04742650788108, -253.41325334225692, -253.75642814525003, -254.07676229776877, -254.37407973462325, -254.64821704129596, -254.89902354375926, -255.12636139129026, -255.33010563223775, -255.51014428269934, -255.66637838807114, -255.79872207743608, -255.90710261076129, -255.991460418878, -256.0517491362227, -256.08793562632087, -256.09999999999997]}