{"X": [23.11, 23.108793562632094, 23.10517491362227, 23.099146041887803, 23.090710261076133, 23.079872207743612, 23.066637838807118, 23.05101442826994, 23.03301056322378, 23.01263613912903, 22.98990235437593, 22.964821704129598, 22.937407973462328, 22.90767622977688, 22.875642814525005, 22.841325334225694, 22.804742650788107, 22.76591487114451, 22.724863336198897, 22.6816106090974, 22.636180462826925, 22.588597867148785, 22.538888974874588, 22.487081107491882, 22.433202740147436, 22.377283485996465, 22.31935407992633, 22.259446361663787, 22.197593258274857, 22.13382876606717, 22.06818793190458, 22.000706833944335, 21.931422561807505, 21.860373196193358, 21.787597787949114, 21.71313633660642, 21.637029768396427, 21.5593199137555, 21.480049484333982, 21.399262049520587, 21.31700201249536, 21.233314585824395, 21.148245766609623, 21.06184231120747, 20.974151709530155, 20.88522215894381, 20.7951025377778, 20.703842378459708, 20.61149184029086, 20.518101681877262, 20.423723233231176, 20.328408367558602, 20.23220947274822, 20.135179422577462, 20.037371547651492, 19.938839606091125, 19.83963775398576, 19.739820515627578, 19.639442753543374, 19.53855963834048, 19.437226618383345, 19.335499389317476, 19.233433863457442, 19.1310861390558, 19.02851246946983, 18.925769232243034, 18.82291289811831, 18.72], "Y": [-21.22, -21.32291289811831, -21.425769232243034, -21.528512469469838, -21.631086139055803, -21.733433863457442, -21.835499389317476, -21.937226618383345, -22.03855963834048, -22.139442753543374, -22.239820515627578, -22.33963775398576, -22.438839606091125, -22.537371547651496, -22.635179422577462, -22.73220947274822, -22.828408367558602, -22.923723233231176, -23.018101681877262, -23.11149184029086, -23.203842378459708, -23.2951025377778, -23.38522215894381, -23.474151709530155, -23.56184231120747, -23.648245766609623, -23.733314585824395, -23.81700201249536, -23.899262049520583, -23.980049484333982, -24.0593199137555, -24.137029768396427, -24.213136336606418, -24.287597787949114, -24.360373196193358, -24.431422561807505, -24.500706833944335, -24.568187931904575, -24.63382876606717, -24.697593258274857, -24.759446361663784, -24.81935407992633, -24.87728348599646, -24.933202740147436, -24.987081107491882, -25.038888974874588, -25.08859786714878, -25.13618046282692, -25.181610609097397, -25.224863336198894, -25.26591487114451, -25.304742650788107, -25.341325334225694, -25.375642814525, -25.407676229776875, -25.437407973462324, -25.464821704129598, -25.489902354375925, -25.512636139129025, -25.533010563223776, -25.551014428269934, -25.566637838807114, -25.57987220774361, -25.59071026107613, -25.5991460418878, -25.60517491362227, -25.608793562632087, -25.609999999999996]}