{"X": [0.7535, 0.7636681818181817, 0.7738363636363635, 0.7840045454545453, 0.7941727272727271, 0.8043409090909089, 0.8145090909090907, 0.8246772727272726, 0.8348454545454544, 0.8450136363636364, 0.8551818181818182, 0.86535, 0.8755181818181818, 0.8856863636363635, 0.8958545454545453, 0.9060227272727271, 0.9161909090909091, 0.9263590909090909, 0.9365272727272727, 0.9466954545454545, 0.9568636363636364, 0.967031818181818, 0.9772, 0.9873681818181816, 0.9975363636363636, 1.0077045454545455, 1.0178727272727273, 1.028040909090909, 1.0382090909090909, 1.0483772727272727, 1.0585454545454545, 1.0687136363636363, 1.078881818181818, 1.08905, 1.0992181818181816, 1.1093863636363637, 1.1195545454545452, 1.1297227272727273, 1.139890909090909, 1.1500590909090909, 1.1602272727272727, 1.1703954545454545, 1.1805636363636363, 1.190731818181818, 1.2009, 1.2110681818181817, 1.2212363636363635, 1.2314045454545453, 1.2415727272727273, 1.2517409090909088, 1.2619090909090909, 1.2720772727272724, 1.2822454545454545, 1.2924136363636365, 1.302581818181818, 1.3127499999999999, 1.3229181818181817, 1.3330863636363637, 1.3432545454545453, 1.3534227272727273, 1.3635909090909089, 1.3737590909090909, 1.3839272727272727, 1.3940954545454545, 1.4042636363636363, 1.414431818181818, 1.4245999999999999, 1.4347681818181817, 1.4449363636363637, 1.4551045454545453, 1.465272727272727, 1.4754409090909093, 1.4856090909090909, 1.4957772727272727, 1.5059454545454543, 1.5161136363636363, 1.526281818181818, 1.5364499999999999, 1.5466181818181817, 1.5567863636363635, 1.5669545454545455, 1.577122727272727, 1.587290909090909, 1.5974590909090909, 1.6076272727272727, 1.6177954545454543, 1.6279636363636365, 1.638131818181818, 1.6482999999999999, 1.6584681818181815, 1.6686363636363637, 1.6788045454545455, 1.688972727272727, 1.699140909090909, 1.7093090909090907, 1.7194772727272727, 1.7296454545454543, 1.7398136363636363, 1.7499818181818183, 1.7601499999999999, 1.7703181818181815, 1.7804863636363637, 1.7906545454545455, 1.800822727272727, 1.8109909090909087, 1.821159090909091, 1.8313272727272727, 1.8414954545454543, 1.8516636363636363, 1.8618318181818183, 1.8719999999999999], "Y": [2.5609999999999995, 2.5609999999999995, 2.5609999999999995, 2.5609999999999995, 2.5609999999999995, 2.5609999999999995, 2.5609999999999995, 2.5609999999999995, 2.5609999999999995, 2.5609999999999995, 2.5609999999999995, 2.5609999999999995, 2.5609999999999995, 2.5609999999999995, 2.5609999999999995, 2.5609999999999995, 2.5609999999999995, 2.5609999999999995, 2.5609999999999995, 2.5609999999999995, 2.5609999999999995, 2.5609999999999995, 2.5609999999999995, 2.5609999999999995, 2.5609999999999995, 2.5609999999999995, 2.5609999999999995, 2.5609999999999995, 2.5609999999999995, 2.5609999999999995, 2.5609999999999995, 2.5609999999999995, 2.5609999999999995, 2.5609999999999995, 2.5609999999999995, 2.5609999999999995, 2.5609999999999995, 2.5609999999999995, 2.5609999999999995, 2.5609999999999995, 2.5609999999999995, 2.5609999999999995, 2.5609999999999995, 2.5609999999999995, 2.5609999999999995, 2.5609999999999995, 2.5609999999999995, 2.5609999999999995, 2.5609999999999995, 2.5609999999999995, 2.5609999999999995, 2.5609999999999995, 2.5609999999999995, 2.5609999999999995, 2.5609999999999995, 2.5609999999999995, 2.5609999999999995, 2.5609999999999995, 2.5609999999999995, 2.5609999999999995, 2.5609999999999995, 2.5609999999999995, 2.5609999999999995, 2.5609999999999995, 2.5609999999999995, 2.5609999999999995, 2.5609999999999995, 2.5609999999999995, 2.5609999999999995, 2.5609999999999995, 2.5609999999999995, 2.5609999999999995, 2.5609999999999995, 2.5609999999999995, 2.5609999999999995, 2.5609999999999995, 2.5609999999999995, 2.5609999999999995, 2.5609999999999995, 2.5609999999999995, 2.5609999999999995, 2.5609999999999995, 2.5609999999999995, 2.5609999999999995, 2.5609999999999995, 2.5609999999999995, 2.5609999999999995, 2.5609999999999995, 2.5609999999999995, 2.5609999999999995, 2.5609999999999995, 2.5609999999999995, 2.5609999999999995, 2.5609999999999995, 2.5609999999999995, 2.5609999999999995, 2.5609999999999995, 2.5609999999999995, 2.5609999999999995, 2.5609999999999995, 2.5609999999999995, 2.5609999999999995, 2.5609999999999995, 2.5609999999999995, 2.5609999999999995, 2.5609999999999995, 2.5609999999999995, 2.5609999999999995, 2.5609999999999995, 2.5609999999999995, 2.5609999999999995]}