{"X": [75.35, 76.36681818181818, 77.38363636363636, 78.40045454545454, 79.41727272727272, 80.4340909090909, 81.45090909090908, 82.46772727272726, 83.48454545454544, 84.50136363636364, 85.51818181818182, 86.535, 87.55181818181818, 88.56863636363636, 89.58545454545454, 90.60227272727272, 91.6190909090909, 92.63590909090908, 93.65272727272726, 94.66954545454544, 95.68636363636364, 96.7031818181818, 97.72, 98.73681818181817, 99.75363636363636, 100.77045454545454, 101.78727272727272, 102.8040909090909, 103.82090909090908, 104.83772727272726, 105.85454545454544, 106.87136363636363, 107.8881818181818, 108.905, 109.92181818181817, 110.93863636363636, 111.95545454545453, 112.97227272727272, 113.9890909090909, 115.00590909090909, 116.02272727272727, 117.03954545454545, 118.05636363636363, 119.07318181818181, 120.09, 121.10681818181817, 122.12363636363635, 123.14045454545453, 124.15727272727273, 125.17409090909089, 126.19090909090909, 127.20772727272725, 128.22454545454545, 129.24136363636364, 130.2581818181818, 131.27499999999998, 132.29181818181817, 133.30863636363637, 134.32545454545453, 135.34227272727273, 136.3590909090909, 137.3759090909091, 138.39272727272726, 139.40954545454545, 140.42636363636362, 141.4431818181818, 142.45999999999998, 143.47681818181817, 144.49363636363637, 145.51045454545454, 146.5272727272727, 147.54409090909093, 148.5609090909091, 149.57772727272726, 150.59454545454543, 151.61136363636362, 152.62818181818182, 153.64499999999998, 154.66181818181818, 155.67863636363634, 156.69545454545454, 157.7122727272727, 158.7290909090909, 159.7459090909091, 160.76272727272726, 161.77954545454543, 162.79636363636365, 163.81318181818182, 164.82999999999998, 165.84681818181815, 166.86363636363637, 167.88045454545454, 168.8972727272727, 169.9140909090909, 170.93090909090907, 171.94772727272726, 172.96454545454543, 173.98136363636362, 174.99818181818182, 176.015, 177.03181818181815, 178.04863636363638, 179.06545454545454, 180.0822727272727, 181.09909090909088, 182.1159090909091, 183.13272727272727, 184.14954545454543, 185.16636363636363, 186.18318181818182, 187.2], "Y": [256.09999999999997, 256.09999999999997, 256.09999999999997, 256.09999999999997, 256.09999999999997, 256.09999999999997, 256.09999999999997, 256.09999999999997, 256.09999999999997, 256.09999999999997, 256.09999999999997, 256.09999999999997, 256.09999999999997, 256.09999999999997, 256.09999999999997, 256.09999999999997, 256.09999999999997, 256.09999999999997, 256.09999999999997, 256.09999999999997, 256.09999999999997, 256.09999999999997, 256.09999999999997, 256.09999999999997, 256.09999999999997, 256.09999999999997, 256.09999999999997, 256.09999999999997, 256.09999999999997, 256.09999999999997, 256.09999999999997, 256.09999999999997, 256.09999999999997, 256.09999999999997, 256.09999999999997, 256.09999999999997, 256.09999999999997, 256.09999999999997, 256.09999999999997, 256.09999999999997, 256.09999999999997, 256.09999999999997, 256.09999999999997, 256.09999999999997, 256.09999999999997, 256.09999999999997, 256.09999999999997, 256.09999999999997, 256.09999999999997, 256.09999999999997, 256.09999999999997, 256.09999999999997, 256.09999999999997, 256.09999999999997, 256.09999999999997, 256.09999999999997, 256.09999999999997, 256.09999999999997, 256.09999999999997, 256.09999999999997, 256.09999999999997, 256.09999999999997, 256.09999999999997, 256.09999999999997, 256.09999999999997, 256.09999999999997, 256.09999999999997, 256.09999999999997, 256.09999999999997, 256.09999999999997, 256.09999999999997, 256.09999999999997, 256.09999999999997, 256.09999999999997, 256.09999999999997, 256.09999999999997, 256.09999999999997, 256.09999999999997, 256.09999999999997, 256.09999999999997, 256.09999999999997, 256.09999999999997, 256.09999999999997, 256.09999999999997, 256.09999999999997, 256.09999999999997, 256.09999999999997, 256.09999999999997, 256.09999999999997, 256.09999999999997, 256.09999999999997, 256.09999999999997, 256.09999999999997, 256.09999999999997, 256.09999999999997, 256.09999999999997, 256.09999999999997, 256.09999999999997, 256.09999999999997, 256.09999999999997, 256.09999999999997, 256.09999999999997, 256.09999999999997, 256.09999999999997, 256.09999999999997, 256.09999999999997, 256.09999999999997, 256.09999999999997, 256.09999999999997, 256.09999999999997, 256.09999999999997]}