{"X": [7.534999999999999, 7.636681818181818, 7.738363636363635, 7.840045454545454, 7.941727272727272, 8.04340909090909, 8.145090909090907, 8.246772727272726, 8.348454545454544, 8.450136363636364, 8.55181818181818, 8.6535, 8.755181818181818, 8.856863636363636, 8.958545454545455, 9.060227272727271, 9.16190909090909, 9.263590909090908, 9.365272727272727, 9.466954545454545, 9.568636363636363, 9.67031818181818, 9.772, 9.873681818181817, 9.975363636363635, 10.077045454545454, 10.178727272727272, 10.28040909090909, 10.382090909090909, 10.483772727272726, 10.585454545454544, 10.687136363636363, 10.788818181818181, 10.8905, 10.992181818181816, 11.093863636363636, 11.195545454545453, 11.297227272727273, 11.39890909090909, 11.500590909090908, 11.602272727272727, 11.703954545454545, 11.805636363636363, 11.90731818181818, 12.009, 12.110681818181817, 12.212363636363635, 12.314045454545454, 12.415727272727272, 12.517409090909089, 12.61909090909091, 12.720772727272726, 12.822454545454544, 12.924136363636364, 13.025818181818181, 13.127499999999998, 13.229181818181818, 13.330863636363636, 13.432545454545453, 13.534227272727273, 13.63590909090909, 13.737590909090908, 13.839272727272725, 13.940954545454545, 14.042636363636362, 14.144318181818182, 14.245999999999999, 14.347681818181817, 14.449363636363637, 14.551045454545454, 14.65272727272727, 14.754409090909093, 14.85609090909091, 14.957772727272726, 15.059454545454543, 15.161136363636363, 15.262818181818181, 15.364499999999998, 15.466181818181818, 15.567863636363635, 15.669545454545453, 15.77122727272727, 15.87290909090909, 15.97459090909091, 16.076272727272727, 16.177954545454543, 16.279636363636364, 16.38131818181818, 16.482999999999997, 16.584681818181814, 16.686363636363637, 16.788045454545454, 16.88972727272727, 16.99140909090909, 17.093090909090908, 17.194772727272728, 17.296454545454544, 17.39813636363636, 17.49981818181818, 17.601499999999998, 17.703181818181815, 17.80486363636364, 17.906545454545455, 18.00822727272727, 18.10990909090909, 18.21159090909091, 18.313272727272725, 18.414954545454542, 18.516636363636362, 18.618318181818182, 18.72], "Y": [25.609999999999996, 25.609999999999996, 25.609999999999996, 25.609999999999996, 25.609999999999996, 25.609999999999996, 25.609999999999996, 25.609999999999996, 25.609999999999996, 25.609999999999996, 25.609999999999996, 25.609999999999996, 25.609999999999996, 25.609999999999996, 25.609999999999996, 25.609999999999996, 25.609999999999996, 25.609999999999996, 25.609999999999996, 25.609999999999996, 25.609999999999996, 25.609999999999996, 25.609999999999996, 25.609999999999996, 25.609999999999996, 25.609999999999996, 25.609999999999996, 25.609999999999996, 25.609999999999996, 25.609999999999996, 25.609999999999996, 25.609999999999996, 25.609999999999996, 25.609999999999996, 25.609999999999996, 25.609999999999996, 25.609999999999996, 25.609999999999996, 25.609999999999996, 25.609999999999996, 25.609999999999996, 25.609999999999996, 25.609999999999996, 25.609999999999996, 25.609999999999996, 25.609999999999996, 25.609999999999996, 25.609999999999996, 25.609999999999996, 25.609999999999996, 25.609999999999996, 25.609999999999996, 25.609999999999996, 25.609999999999996, 25.609999999999996, 25.609999999999996, 25.609999999999996, 25.609999999999996, 25.609999999999996, 25.609999999999996, 25.609999999999996, 25.609999999999996, 25.609999999999996, 25.609999999999996, 25.609999999999996, 25.609999999999996, 25.609999999999996, 25.609999999999996, 25.609999999999996, 25.609999999999996, 25.609999999999996, 25.609999999999996, 25.609999999999996, 25.609999999999996, 25.609999999999996, 25.609999999999996, 25.609999999999996, 25.609999999999996, 25.609999999999996, 25.609999999999996, 25.609999999999996, 25.609999999999996, 25.609999999999996, 25.609999999999996, 25.609999999999996, 25.609999999999996, 25.609999999999996, 25.609999999999996, 25.609999999999996, 25.609999999999996, 25.609999999999996, 25.609999999999996, 25.609999999999996, 25.609999999999996, 25.609999999999996, 25.609999999999996, 25.609999999999996, 25.609999999999996, 25.609999999999996, 25.609999999999996, 25.609999999999996, 25.609999999999996, 25.609999999999996, 25.609999999999996, 25.609999999999996, 25.609999999999996, 25.609999999999996, 25.609999999999996, 25.609999999999996, 25.609999999999996, 25.609999999999996]}