{"X": [-1.871, -1.8812912898118312, -1.8915769232243036, -1.9018512469469837, -1.9121086139055803, -1.9223433863457442, -1.932549938931748, -1.9427226618383346, -1.952855963834048, -1.9629442753543376, -1.9729820515627576, -1.9829637753985758, -1.9928839606091129, -2.0027371547651494, -2.0125179422577464, -2.022220947274822, -2.03184083675586, -2.0413723233231176, -2.050810168187726, -2.0601491840290858, -2.0693842378459713, -2.07851025377778, -2.0875222158943814, -2.0964151709530157, -2.1051842311207474, -2.1138245766609622, -2.1223314585824395, -2.1307002012495366, -2.1389262049520585, -2.1470049484333984, -2.15493199137555, -2.162702976839643, -2.1703136336606423, -2.1777597787949117, -2.185037319619336, -2.1921422561807504, -2.199070683394434, -2.2058187931904576, -2.2123828766067173, -2.218759325827486, -2.224944636166379, -2.2309354079926336, -2.2367283485996463, -2.242320274014744, -2.2477081107491883, -2.252888897487459, -2.2578597867148784, -2.2626180462826926, -2.26716106090974, -2.27148633361989, -2.2755914871144514, -2.2794742650788113, -2.2831325334225694, -2.2865642814525007, -2.289767622977688, -2.292740797346233, -2.29548217041296, -2.297990235437593, -2.300263613912903, -2.302301056322378, -2.304101442826994, -2.305663783880712, -2.3069872207743614, -2.3080710261076134, -2.3089146041887805, -2.3095174913622274, -2.309879356263209, -2.31], "Y": [-2.5609999999999995, -2.5608793562632086, -2.5605174913622273, -2.55991460418878, -2.559071026107613, -2.557987220774361, -2.5566637838807114, -2.5551014428269934, -2.5533010563223772, -2.551263613912903, -2.5489902354375924, -2.5464821704129594, -2.5437407973462327, -2.540767622977688, -2.5375642814525, -2.5341325334225693, -2.5304742650788103, -2.526591487114451, -2.5224863336198893, -2.51816106090974, -2.5136180462826925, -2.508859786714878, -2.5038888974874585, -2.498708110749188, -2.4933202740147435, -2.4877283485996458, -2.481935407992633, -2.4759446361663784, -2.4697593258274857, -2.4633828766067167, -2.4568187931904575, -2.4500706833944337, -2.4431422561807503, -2.4360373196193357, -2.428759778794911, -2.421313633660642, -2.4137029768396427, -2.40593199137555, -2.398004948433398, -2.3899262049520584, -2.381700201249536, -2.3733314585824394, -2.364824576660962, -2.3561842311207473, -2.347415170953015, -2.338522215894381, -2.32951025377778, -2.3203842378459707, -2.3111491840290856, -2.301810168187726, -2.2923723233231175, -2.28284083675586, -2.273220947274822, -2.2635179422577463, -2.2537371547651492, -2.2438839606091125, -2.2339637753985757, -2.2239820515627575, -2.2139442753543372, -2.203855963834048, -2.1937226618383345, -2.1835499389317476, -2.173343386345744, -2.16310861390558, -2.1528512469469834, -2.1425769232243033, -2.1322912898118314, -2.122]}