{"X": [-187.1, -188.12912898118313, -189.15769232243036, -190.18512469469837, -191.21086139055802, -192.2343386345744, -193.2549938931748, -194.27226618383347, -195.2855963834048, -196.29442753543375, -197.29820515627577, -198.2963775398576, -199.28839606091128, -200.27371547651495, -201.25179422577463, -202.22209472748222, -203.184083675586, -204.13723233231175, -205.08101681877264, -206.0149184029086, -206.93842378459712, -207.85102537777803, -208.75222158943814, -209.64151709530157, -210.51842311207474, -211.38245766609623, -212.23314585824397, -213.07002012495366, -213.89262049520588, -214.70049484333984, -215.49319913755502, -216.2702976839643, -217.03136336606423, -217.77597787949117, -218.5037319619336, -219.21422561807506, -219.90706833944338, -220.58187931904575, -221.23828766067172, -221.8759325827486, -222.4944636166379, -223.09354079926334, -223.6728348599646, -224.2320274014744, -224.77081107491884, -225.2888897487459, -225.78597867148784, -226.26180462826926, -226.71610609097402, -227.14863336198897, -227.55914871144512, -227.94742650788112, -228.31325334225696, -228.65642814525006, -228.9767622977688, -229.27407973462329, -229.548217041296, -229.7990235437593, -230.0263613912903, -230.23010563223778, -230.41014428269938, -230.56637838807117, -230.69872207743612, -230.80710261076132, -230.89146041887804, -230.95174913622273, -230.9879356263209, -231.0], "Y": [-256.09999999999997, -256.08793562632087, -256.0517491362227, -255.991460418878, -255.90710261076129, -255.79872207743608, -255.66637838807114, -255.51014428269934, -255.33010563223775, -255.12636139129026, -254.89902354375926, -254.64821704129596, -254.37407973462325, -254.07676229776877, -253.75642814525003, -253.41325334225692, -253.04742650788106, -252.65914871144508, -252.24863336198894, -251.81610609097402, -251.36180462826923, -250.8859786714878, -250.38888974874587, -249.8708110749188, -249.33202740147436, -248.77283485996458, -248.1935407992633, -247.59446361663785, -246.97593258274856, -246.33828766067168, -245.68187931904575, -245.00706833944335, -244.31422561807503, -243.60373196193356, -242.87597787949113, -242.1313633660642, -241.37029768396425, -240.593199137555, -239.8004948433398, -238.99262049520584, -238.17002012495362, -237.33314585824394, -236.48245766609622, -235.6184231120747, -234.74151709530153, -233.8522215894381, -232.951025377778, -232.03842378459706, -231.1149184029086, -230.1810168187726, -229.23723233231175, -228.28408367558598, -227.3220947274822, -226.35179422577463, -225.37371547651492, -224.38839606091125, -223.39637753985758, -222.39820515627574, -221.39442753543372, -220.3855963834048, -219.37226618383343, -218.35499389317476, -217.3343386345744, -216.310861390558, -215.28512469469834, -214.25769232243033, -213.22912898118312, -212.2]}