{"X": [-7.525, -7.626681818181818, -7.728363636363636, -7.830045454545454, -7.931727272727272, -8.03340909090909, -8.13509090909091, -8.236772727272726, -8.338454545454544, -8.440136363636364, -8.541818181818183, -8.6435, -8.745181818181818, -8.846863636363636, -8.948545454545455, -9.050227272727273, -9.15190909090909, -9.253590909090908, -9.355272727272727, -9.456954545454545, -9.558636363636364, -9.66031818181818, -9.762, -9.863681818181817, -9.965363636363637, -10.067045454545454, -10.168727272727272, -10.27040909090909, -10.37209090909091, -10.473772727272728, -10.575454545454544, -10.677136363636363, -10.778818181818181, -10.880500000000001, -10.982181818181818, -11.083863636363636, -11.185545454545453, -11.287227272727273, -11.388909090909092, -11.490590909090908, -11.592272727272727, -11.693954545454545, -11.795636363636364, -11.897318181818182, -11.999, -12.100681818181817, -12.202363636363636, -12.304045454545454, -12.405727272727272, -12.50740909090909, -12.60909090909091, -12.710772727272726, -12.812454545454546, -12.914136363636363, -13.015818181818181, -13.117500000000001, -13.219181818181818, -13.320863636363635, -13.422545454545453, -13.524227272727273, -13.62590909090909, -13.72759090909091, -13.829272727272727, -13.930954545454545, -14.032636363636362, -14.134318181818182, -14.236, -14.337681818181817, -14.439363636363634, -14.541045454545454, -14.642727272727274, -14.744409090909091, -14.846090909090908, -14.94777272727273, -15.049454545454546, -15.151136363636363, -15.252818181818181, -15.354499999999998, -15.456181818181818, -15.557863636363635, -15.659545454545455, -15.761227272727274, -15.86290909090909, -15.964590909090907, -16.066272727272725, -16.167954545454545, -16.269636363636362, -16.37131818181818, -16.473000000000003, -16.57468181818182, -16.676363636363636, -16.778045454545456, -16.879727272727273, -16.98140909090909, -17.083090909090906, -17.184772727272726, -17.286454545454546, -17.388136363636363, -17.48981818181818, -17.5915, -17.69318181818182, -17.794863636363637, -17.896545454545453, -17.998227272727274, -18.09990909090909, -18.201590909090907, -18.303272727272727, -18.404954545454547, -18.506636363636364, -18.60831818181818, -18.71], "Y": [-25.609999999999996, -25.609999999999996, -25.609999999999996, -25.609999999999996, -25.609999999999996, -25.609999999999996, -25.609999999999996, -25.609999999999996, -25.609999999999996, -25.609999999999996, -25.609999999999996, -25.609999999999996, -25.609999999999996, -25.609999999999996, -25.609999999999996, -25.609999999999996, -25.609999999999996, -25.609999999999996, -25.609999999999996, -25.609999999999996, -25.609999999999996, -25.609999999999996, -25.609999999999996, -25.609999999999996, -25.609999999999996, -25.609999999999996, -25.609999999999996, -25.609999999999996, -25.609999999999996, -25.609999999999996, -25.609999999999996, -25.609999999999996, -25.609999999999996, -25.609999999999996, -25.609999999999996, -25.609999999999996, -25.609999999999996, -25.609999999999996, -25.609999999999996, -25.609999999999996, -25.609999999999996, -25.609999999999996, -25.609999999999996, -25.609999999999996, -25.609999999999996, -25.609999999999996, -25.609999999999996, -25.609999999999996, -25.609999999999996, -25.609999999999996, -25.609999999999996, -25.609999999999996, -25.609999999999996, -25.609999999999996, -25.609999999999996, -25.609999999999996, -25.609999999999996, -25.609999999999996, -25.609999999999996, -25.609999999999996, -25.609999999999996, -25.609999999999996, -25.609999999999996, -25.609999999999996, -25.609999999999996, -25.609999999999996, -25.609999999999996, -25.609999999999996, -25.609999999999996, -25.609999999999996, -25.609999999999996, -25.609999999999996, -25.609999999999996, -25.609999999999996, -25.609999999999996, -25.609999999999996, -25.609999999999996, -25.609999999999996, -25.609999999999996, -25.609999999999996, -25.609999999999996, -25.609999999999996, -25.609999999999996, -25.609999999999996, -25.609999999999996, -25.609999999999996, -25.609999999999996, -25.609999999999996, -25.609999999999996, -25.609999999999996, -25.609999999999996, -25.609999999999996, -25.609999999999996, -25.609999999999996, -25.609999999999996, -25.609999999999996, -25.609999999999996, -25.609999999999996, -25.609999999999996, -25.609999999999996, -25.609999999999996, -25.609999999999996, -25.609999999999996, -25.609999999999996, -25.609999999999996, -25.609999999999996, -25.609999999999996, -25.609999999999996, -25.609999999999996, -25.609999999999996, -25.609999999999996]}