{"X": [-75.25, -76.26681818181818, -77.28363636363636, -78.30045454545454, -79.31727272727272, -80.3340909090909, -81.35090909090908, -82.36772727272727, -83.38454545454545, -84.40136363636364, -85.41818181818182, -86.435, -87.45181818181818, -88.46863636363636, -89.48545454545454, -90.50227272727273, -91.5190909090909, -92.53590909090909, -93.55272727272727, -94.56954545454545, -95.58636363636364, -96.60318181818181, -97.62, -98.63681818181817, -99.65363636363637, -100.67045454545455, -101.68727272727273, -102.70409090909091, -103.72090909090909, -104.73772727272727, -105.75454545454545, -106.77136363636363, -107.78818181818181, -108.805, -109.82181818181817, -110.83863636363637, -111.85545454545453, -112.87227272727273, -113.88909090909091, -114.90590909090909, -115.92272727272727, -116.93954545454545, -117.95636363636363, -118.97318181818181, -119.99000000000001, -121.00681818181818, -122.02363636363636, -123.04045454545454, -124.05727272727273, -125.0740909090909, -126.0909090909091, -127.10772727272726, -128.12454545454545, -129.14136363636362, -130.15818181818182, -131.175, -132.19181818181818, -133.20863636363634, -134.22545454545454, -135.24227272727273, -136.2590909090909, -137.2759090909091, -138.29272727272726, -139.30954545454546, -140.32636363636362, -141.34318181818182, -142.36, -143.37681818181818, -144.39363636363635, -145.41045454545454, -146.42727272727274, -147.4440909090909, -148.46090909090907, -149.4777272727273, -150.49454545454546, -151.51136363636363, -152.52818181818182, -153.545, -154.56181818181818, -155.57863636363635, -156.59545454545454, -157.61227272727274, -158.6290909090909, -159.64590909090907, -160.66272727272727, -161.67954545454546, -162.69636363636363, -163.7131818181818, -164.73000000000002, -165.74681818181818, -166.76363636363635, -167.78045454545455, -168.7972727272727, -169.8140909090909, -170.83090909090907, -171.84772727272727, -172.86454545454546, -173.88136363636363, -174.8981818181818, -175.915, -176.9318181818182, -177.94863636363635, -178.96545454545452, -179.98227272727274, -180.9990909090909, -182.01590909090908, -183.03272727272727, -184.04954545454547, -185.06636363636363, -186.0831818181818, -187.1], "Y": [-256.09999999999997, -256.09999999999997, -256.09999999999997, -256.09999999999997, -256.09999999999997, -256.09999999999997, -256.09999999999997, -256.09999999999997, -256.09999999999997, -256.09999999999997, -256.09999999999997, -256.09999999999997, -256.09999999999997, -256.09999999999997, -256.09999999999997, -256.09999999999997, -256.09999999999997, -256.09999999999997, -256.09999999999997, -256.09999999999997, -256.09999999999997, -256.09999999999997, -256.09999999999997, -256.09999999999997, -256.09999999999997, -256.09999999999997, -256.09999999999997, -256.09999999999997, -256.09999999999997, -256.09999999999997, -256.09999999999997, -256.09999999999997, -256.09999999999997, -256.09999999999997, -256.09999999999997, -256.09999999999997, -256.09999999999997, -256.09999999999997, -256.09999999999997, -256.09999999999997, -256.09999999999997, -256.09999999999997, -256.09999999999997, -256.09999999999997, -256.09999999999997, -256.09999999999997, -256.09999999999997, -256.09999999999997, -256.09999999999997, -256.09999999999997, -256.09999999999997, -256.09999999999997, -256.09999999999997, -256.09999999999997, -256.09999999999997, -256.09999999999997, -256.09999999999997, -256.09999999999997, -256.09999999999997, -256.09999999999997, -256.09999999999997, -256.09999999999997, -256.09999999999997, -256.09999999999997, -256.09999999999997, -256.09999999999997, -256.09999999999997, -256.09999999999997, -256.09999999999997, -256.09999999999997, -256.09999999999997, -256.09999999999997, -256.09999999999997, -256.09999999999997, -256.09999999999997, -256.09999999999997, -256.09999999999997, -256.09999999999997, -256.09999999999997, -256.09999999999997, -256.09999999999997, -256.09999999999997, -256.09999999999997, -256.09999999999997, -256.09999999999997, -256.09999999999997, -256.09999999999997, -256.09999999999997, -256.09999999999997, -256.09999999999997, -256.09999999999997, -256.09999999999997, -256.09999999999997, -256.09999999999997, -256.09999999999997, -256.09999999999997, -256.09999999999997, -256.09999999999997, -256.09999999999997, -256.09999999999997, -256.09999999999997, -256.09999999999997, -256.09999999999997, -256.09999999999997, -256.09999999999997, -256.09999999999997, -256.09999999999997, -256.09999999999997, -256.09999999999997, -256.09999999999997, -256.09999999999997]}