{"X": [96.49999999999999, 95.47087101881687, 94.44230767756963, 93.4148753053016, 92.38913860944199, 91.36566136542557, 90.34500610682521, 89.32773381616653, 88.3144036165952, 87.30557246456624, 86.30179484372422, 85.30362246014239, 84.31160393908873, 83.32628452348504, 82.34820577422536, 81.37790527251776, 80.41591632441398, 79.46276766768824, 78.51898318122737, 77.5850815970914, 76.66157621540289, 75.74897462222197, 74.84777841056186, 73.95848290469843, 73.08157688792527, 72.21754233390375, 71.36685414175602, 70.52997987504637, 69.70737950479412, 68.89950515666015, 68.10680086244498, 67.32970231603572, 66.56863663393577, 65.82402212050884, 65.0962680380664, 64.38577438192493, 63.69293166055661, 63.018120680954226, 62.36171233932828, 61.72406741725142, 61.105536383362114, 60.50645920073665, 59.92716514003538, 59.36797259852562, 58.82918892508116, 58.31111025125411, 57.814021328512155, 57.33819537173073, 56.88389390902597, 56.451366638011024, 56.04085128855488, 55.6525734921189, 55.28674665774304, 54.94357185474994, 54.623237702231194, 54.32592026537671, 54.051782958703996, 53.80097645624071, 53.57363860870971, 53.36989436776221, 53.18985571730061, 53.03362161192882, 52.90127792256387, 52.792897389238675, 52.708539581121954, 52.648250863777264, 52.61206437367908, 52.6], "Y": [-256.09999999999997, -256.08793562632087, -256.0517491362227, -255.991460418878, -255.90710261076129, -255.79872207743608, -255.66637838807114, -255.51014428269934, -255.33010563223775, -255.12636139129026, -254.89902354375926, -254.64821704129596, -254.37407973462325, -254.07676229776877, -253.75642814525003, -253.41325334225692, -253.04742650788106, -252.65914871144508, -252.24863336198894, -251.816106090974, -251.36180462826923, -250.8859786714878, -250.38888974874584, -249.8708110749188, -249.33202740147433, -248.77283485996458, -248.1935407992633, -247.59446361663785, -246.97593258274853, -246.33828766067168, -245.68187931904572, -245.00706833944335, -244.31422561807503, -243.60373196193356, -242.8759778794911, -242.1313633660642, -241.37029768396422, -240.593199137555, -239.8004948433398, -238.99262049520584, -238.1700201249536, -237.3331458582439, -236.48245766609622, -235.61842311207468, -234.7415170953015, -233.8522215894381, -232.95102537777797, -232.03842378459706, -231.11491840290856, -230.18101681877258, -229.23723233231172, -228.28408367558598, -227.32209472748218, -226.3517942257746, -225.37371547651492, -224.38839606091122, -223.39637753985755, -222.39820515627574, -221.3944275354337, -220.38559638340476, -219.37226618383343, -218.35499389317474, -217.33433863457438, -216.31086139055796, -215.2851246946983, -214.2576923224303, -213.2291289811831, -212.19999999999996]}