{"X": [0.9649999999999999, 0.9547087101881686, 0.9444230767756963, 0.934148753053016, 0.9238913860944199, 0.9136566136542557, 0.9034500610682521, 0.8932773381616653, 0.883144036165952, 0.8730557246456624, 0.8630179484372422, 0.8530362246014239, 0.8431160393908873, 0.8332628452348504, 0.8234820577422536, 0.8137790527251777, 0.8041591632441398, 0.7946276766768824, 0.7851898318122736, 0.775850815970914, 0.7666157621540289, 0.7574897462222197, 0.7484777841056186, 0.7395848290469843, 0.7308157688792527, 0.7221754233390375, 0.7136685414175602, 0.7052997987504637, 0.6970737950479412, 0.6889950515666016, 0.6810680086244498, 0.6732970231603572, 0.6656863663393576, 0.6582402212050884, 0.650962680380664, 0.6438577438192493, 0.6369293166055661, 0.6301812068095423, 0.6236171233932828, 0.6172406741725142, 0.6110553638336211, 0.6050645920073665, 0.5992716514003538, 0.5936797259852562, 0.5882918892508117, 0.5831111025125411, 0.5781402132851216, 0.5733819537173073, 0.5688389390902597, 0.5645136663801102, 0.5604085128855488, 0.556525734921189, 0.5528674665774304, 0.5494357185474994, 0.546232377022312, 0.543259202653767, 0.54051782958704, 0.5380097645624071, 0.5357363860870971, 0.533698943677622, 0.531898557173006, 0.5303362161192883, 0.5290127792256387, 0.5279289738923868, 0.5270853958112195, 0.5264825086377727, 0.5261206437367908, 0.526], "Y": [-2.5609999999999995, -2.5608793562632086, -2.5605174913622273, -2.55991460418878, -2.559071026107613, -2.557987220774361, -2.5566637838807114, -2.5551014428269934, -2.5533010563223772, -2.551263613912903, -2.5489902354375924, -2.5464821704129594, -2.5437407973462327, -2.540767622977688, -2.5375642814525, -2.5341325334225693, -2.5304742650788103, -2.526591487114451, -2.5224863336198893, -2.51816106090974, -2.5136180462826925, -2.508859786714878, -2.5038888974874585, -2.498708110749188, -2.4933202740147435, -2.4877283485996458, -2.481935407992633, -2.4759446361663784, -2.4697593258274853, -2.4633828766067167, -2.456818793190457, -2.4500706833944337, -2.4431422561807503, -2.4360373196193357, -2.428759778794911, -2.421313633660642, -2.4137029768396423, -2.40593199137555, -2.398004948433398, -2.3899262049520584, -2.381700201249536, -2.373331458582439, -2.364824576660962, -2.356184231120747, -2.347415170953015, -2.338522215894381, -2.3295102537777796, -2.3203842378459707, -2.3111491840290856, -2.3018101681877257, -2.292372323323117, -2.28284083675586, -2.273220947274822, -2.263517942257746, -2.2537371547651492, -2.243883960609112, -2.2339637753985757, -2.2239820515627575, -2.213944275354337, -2.2038559638340476, -2.1937226618383345, -2.183549938931747, -2.173343386345744, -2.1631086139055795, -2.152851246946983, -2.142576923224303, -2.132291289811831, -2.1219999999999994]}