{"X": [9.649999999999999, 9.518546218584174, 9.387123009599181, 9.255760938365547, 9.124490555984922, 8.993342392234684, 8.862346948467652, 8.731534690518265, 8.600936041617151, 8.470581375315493, 8.340501008421036, 8.210725193947251, 8.081284114077302, 7.952207873144593, 7.823526490631274, 7.6952698941866275, 7.567467912666688, 7.440150269196944, 7.313346574259531, 7.187086318806712, 7.0613988674021, 6.936313451391274, 6.811859162103436, 6.688064944085535, 6.56495958837065, 6.442571725781944, 6.320929820274007, 6.200062162312883, 6.0799968622965626, 5.960761844017276, 5.84238483816719, 5.724893375889077, 5.608314782373304, 5.4926761705028095, 5.378004434547369, 5.264326243908801, 5.151668036918359, 5.040056014687977, 4.929516135016608, 4.820074106353167, 4.7117553818174756, 4.6045851532806115, 4.4985883455059685, 4.393789610352451, 4.290213321041187, 4.18788356648696, 4.086824145695857, 3.9870585622302444, 3.8886100187425483, 3.7915014115789454, 3.695755325454326, 3.6013940281997376, 3.5084394655835056, 3.4169132562072866, 3.3268366864781598, 3.23823070565805, 3.151115920991495, 3.065512592912995, 2.9814406303350056, 2.898919586017685, 2.8179686520214817, 2.7386066552435993, 2.6608520530394, 2.5847229289297275, 2.5102369883952163, 2.437411554758481, 2.366263565155208, 2.29680956659505, 2.229065712113274, 2.163047757014003, 2.0987710552059937, 2.0362505556317503, 1.9755007987908058, 1.9165359133580437, 1.8593696128977357, 1.8040151926741772, 1.7504855265595751, 1.6987930640399553, 1.648949827319754, 1.600967408525804, 1.5548569670113324, 1.510629226760598, 1.468294473894818, 1.4278625542798877, 1.389342871236518, 1.3527443833532928, 1.3180756024031495, 1.2853445913637813, 1.2545589625424185, 1.2257258758054248, 1.1988520369131037, 1.1739436959601448, 1.1510066459220112, 1.1300462213076727, 1.1110672969189352, 1.094074286716716, 1.0790711427944644, 1.0660613544590292, 1.0550479474191405, 1.046033483081716, 1.0390200579561466, 1.034009303166711, 1.0310023840732228, 1.0300000000000011], "Y": [-25.609999999999996, -25.609489505094956, -25.60795813910651, -25.605406258187067, -25.60183445583193, -25.59724356274129, -25.59163464662701, -25.585009011964303, -25.57736819968835, -25.568713986835945, -25.55904838613217, -25.54837364552231, -25.536692247649064, -25.52400690927511, -25.510320580651296, -25.49563644483048, -25.47995791692726, -25.463288643323683, -25.44563250082123, -25.42699359573917, -25.407376262959545, -25.386785064918993, -25.365224790547675, -25.34270045415548, -25.319217294265858, -25.294780772397477, -25.269396571794033, -25.243070596102488, -25.21580896800004, -25.187618027770178, -25.15850433182809, -25.128474651195862, -25.09753596992768, -25.065695483485577, -25.03296059706595, -24.999338923877342, -24.9648382833698, -24.92946669941631, -24.893232398446663, -24.85614380753422, -24.818209552436016, -24.77943845558666, -24.739839534046467, -24.699421997404368, -24.658195245636, -24.61616886691755, -24.573352635395814, -24.529756508915, -24.485390626700827, -24.44026530700242, -24.394391044692576, -24.347778508826956, -24.300438540162776, -24.25238214863753, -24.2036205108084, -24.15416496725292, -24.104027019931458, -24.053218329512198, -24.001750712659188, -23.949636139284127, -23.896886729762493, -23.843514752114707, -23.789532619152908, -23.73495288559411, -23.679788245140323, -23.62405152752634, -23.56775569553593, -23.51091384198705, -23.453539186686815, -23.395645073356963, -23.33724496653047, -23.278352448420087, -23.218981215759502, -23.159145076617865, -23.098857947188414, -23.038133848551976, -22.976986903416055, -22.915431332830288, -22.853481452879027, -22.791151671351834, -22.72845648439263, -22.665410473128293, -22.602028300277524, -22.53832470674069, -22.474314508171517, -22.410012591531395, -22.345433911627076, -22.280593487632622, -22.215506399596364, -22.15018778493372, -22.084652834906635, -22.018916791090554, -21.952994941829644, -21.88690261868116, -21.820655192849763, -21.754268071612607, -21.687756694736052, -21.6211365308848, -21.554423074024324, -21.487631839817418, -21.420778362015685, -21.353878188846814, -21.28694687939854, -21.219999999999995]}