{"X": [96.49999999999999, 95.18546218584173, 93.8712300959918, 92.55760938365547, 91.24490555984922, 89.93342392234683, 88.62346948467652, 87.31534690518265, 86.00936041617152, 84.70581375315493, 83.40501008421036, 82.1072519394725, 80.81284114077303, 79.52207873144593, 78.23526490631274, 76.95269894186627, 75.67467912666687, 74.40150269196944, 73.1334657425953, 71.87086318806712, 70.613988674021, 69.36313451391274, 68.11859162103435, 66.88064944085535, 65.6495958837065, 64.42571725781944, 63.20929820274007, 62.00062162312883, 60.79996862296563, 59.607618440172764, 58.423848381671895, 57.24893375889077, 56.083147823733036, 54.92676170502809, 53.7800443454737, 52.64326243908801, 51.51668036918359, 50.40056014687977, 49.29516135016608, 48.20074106353167, 47.117553818174756, 46.04585153280611, 44.985883455059685, 43.937896103524515, 42.90213321041187, 41.8788356648696, 40.86824145695857, 39.87058562230244, 38.886100187425484, 37.915014115789454, 36.95755325454326, 36.01394028199738, 35.084394655835055, 34.16913256207287, 33.2683668647816, 32.3823070565805, 31.51115920991495, 30.65512592912995, 29.814406303350054, 28.98919586017685, 28.179686520214815, 27.38606655243599, 26.608520530394003, 25.847229289297275, 25.102369883952164, 24.374115547584807, 23.66263565155208, 22.9680956659505, 22.29065712113274, 21.63047757014003, 20.987710552059937, 20.3625055563175, 19.75500798790806, 19.165359133580438, 18.593696128977356, 18.04015192674177, 17.50485526559575, 16.987930640399554, 16.48949827319754, 16.00967408525804, 15.548569670113324, 15.10629226760598, 14.68294473894818, 14.278625542798878, 13.893428712365179, 13.527443833532928, 13.180756024031496, 12.853445913637813, 12.545589625424185, 12.257258758054249, 11.988520369131038, 11.739436959601449, 11.510066459220113, 11.300462213076727, 11.110672969189352, 10.94074286716716, 10.790711427944643, 10.66061354459029, 10.550479474191405, 10.46033483081716, 10.390200579561466, 10.34009303166711, 10.310023840732228, 10.300000000000011], "Y": [-256.09999999999997, -256.09489505094956, -256.0795813910651, -256.05406258187065, -256.0183445583193, -255.97243562741292, -255.9163464662701, -255.85009011964303, -255.7736819968835, -255.68713986835945, -255.59048386132167, -255.48373645522312, -255.36692247649063, -255.2400690927511, -255.10320580651296, -254.9563644483048, -254.7995791692726, -254.63288643323682, -254.4563250082123, -254.2699359573917, -254.07376262959545, -253.86785064918993, -253.65224790547674, -253.4270045415548, -253.19217294265857, -252.94780772397476, -252.69396571794033, -252.43070596102487, -252.1580896800004, -251.87618027770176, -251.58504331828092, -251.28474651195862, -250.9753596992768, -250.65695483485575, -250.32960597065951, -249.99338923877343, -249.648382833698, -249.2946669941631, -248.93232398446662, -248.5614380753422, -248.18209552436016, -247.7943845558666, -247.39839534046467, -246.9942199740437, -246.58195245636003, -246.1616886691755, -245.73352635395815, -245.29756508915, -244.85390626700826, -244.4026530700242, -243.94391044692574, -243.47778508826957, -243.00438540162776, -242.52382148637528, -242.03620510808398, -241.54164967252922, -241.0402701993146, -240.532183295122, -240.01750712659188, -239.49636139284127, -238.96886729762494, -238.43514752114706, -237.89532619152908, -237.34952885594112, -236.7978824514032, -236.2405152752634, -235.6775569553593, -235.1091384198705, -234.53539186686814, -233.95645073356962, -233.37244966530469, -232.78352448420088, -232.18981215759501, -231.59145076617864, -230.98857947188412, -230.38133848551976, -229.76986903416056, -229.1543133283029, -228.53481452879026, -227.91151671351832, -227.2845648439263, -226.65410473128293, -226.02028300277524, -225.3832470674069, -224.74314508171517, -224.10012591531395, -223.45433911627075, -222.8059348763262, -222.15506399596364, -221.5018778493372, -220.84652834906635, -220.18916791090555, -219.52994941829644, -218.8690261868116, -218.20655192849762, -217.54268071612606, -216.87756694736052, -216.211365308848, -215.54423074024325, -214.8763183981742, -214.20778362015685, -213.53878188846815, -212.8694687939854, -212.19999999999996]}