{"X": [9.649999999999999, 9.529794723240858, 9.409630496473612, 9.289548355671617, 9.169589308775945, 9.04979432169122, 8.930204304295788, 8.810860096471028, 8.691802454154585, 8.573072035422232, 8.454709386603207, 8.336754928433646, 8.219248942252953, 8.102231556247762, 7.985742731748195, 7.8698222495811, 7.754509696484942, 7.639844451590966, 7.525865672975257, 7.412612284286297, 7.30012296145257, 7.188436119474773, 7.077589899307121, 6.9676221548322586, 6.858570439934181, 6.750471995673621, 6.64336373757026, 6.5372822429961275, 6.432263738684436, 6.3283440883581985, 6.225558780482798, 6.123942916146715, 6.023531197074528, 5.924357913776313, 5.826456933837461, 5.729861690352936, 5.6346051705098965, 5.540719904322603, 5.448237953523449, 5.35719090061391, 5.267609838079144, 5.179525357769945, 5.092967540455642, 5.007965945551551, 4.924549601024461, 4.842746993479613, 4.762586058432538, 4.684094170769123, 4.6072981353971, 4.532224178092191, 4.458897936542042, 4.387344451590966, 4.317588158688527, 4.2496528795448425, 4.183561813995508, 4.119337532078861, 4.057001966328338, 3.996576404282539, 3.9380814812155442, 3.881537173089997, 3.82696278973532, 3.7743769682534323, 3.723797666654194, 3.67524215772277, 3.628727023120976, 3.584268147724665, 3.541880714199057, 3.501579197813869, 3.463377361500026, 3.4272882511496325, 3.3933241911608123, 3.3614967802289364, 3.33181688738568, 3.30429464828726, 3.278939461753116, 3.255759986556219, 3.234764138466116, 3.215959087545696, 3.199351255702619, 3.184946314496244, 3.1727491832008, 3.162764027125449, 3.1549942561918427, 3.149442523769636, 3.1461107257703675, 3.1450000000000005], "Y": [-25.609999999999996, -25.60925040951085, -25.607001894027867, -25.603255221417033, -25.598011671163608, -25.5912730339352, -25.58304161097025, -25.573320213292156, -25.56211216074933, -25.549421280881432, -25.535251907612327, -25.519608879769994, -25.502497539434113, -25.483923730111734, -25.46389379474173, -25.442414573528673, -25.419493401606932, -25.39513810653572, -25.369357005625993, -25.342158903100096, -25.31355308708512, -25.283549326441026, -25.252157867424597, -25.219389430190326, -25.1852552051295, -25.14976684904872, -25.112936481189067, -25.074776679087428, -25.035300474281264, -24.99452134785835, -24.952453225853002, -24.909110474490344, -24.864507895280262, -24.818660719962697, -24.771584605306014, -24.723295627760248, -24.673810277966986, -24.623145455127855, -24.57131846123344, -24.51834699515467, -24.46424914659869, -24.40904338993122, -24.35274857786759, -24.295383935034543, -24.23696905140506, -24.177523875608383, -24.117068708117586, -24.05562419431699, -23.993211317451767, -23.929851391462186, -23.86556605370493, -23.80037725756395, -23.734307264953415, -23.667378638715263, -23.59961423491405, -23.531037195031587, -23.46167093806418, -23.391539152525027, -23.320665788354642, -23.24907504874197, -23.176791381858997, -23.103839472511748, -23.03024423371043, -22.956030798161677, -22.881224509685737, -22.805850914561596, -22.729935752802938, -22.653504949367964, -22.576584605306017, -22.49920098884413, -22.42138052641644, -22.34314979363957, -22.26453550623709, -22.185564510916144, -22.106263776199274, -22.02666038321474, -21.946781516448326, -21.866654454459855, -21.78630656056759, -21.705765273503683, -21.62505809804389, -21.54421259561469, -21.463256374881105, -21.38221708231834, -21.301122392770573, -21.219999999999995]}