{"X": [96.49999999999999, 95.29794723240859, 94.09630496473612, 92.89548355671616, 91.69589308775946, 90.4979432169122, 89.30204304295788, 88.10860096471029, 86.91802454154585, 85.73072035422231, 84.54709386603207, 83.36754928433645, 82.19248942252953, 81.02231556247762, 79.85742731748195, 78.698222495811, 77.54509696484942, 76.39844451590966, 75.25865672975257, 74.12612284286297, 73.0012296145257, 71.88436119474773, 70.77589899307121, 69.67622154832259, 68.58570439934181, 67.50471995673621, 66.4336373757026, 65.37282242996127, 64.32263738684436, 63.28344088358198, 62.25558780482798, 61.23942916146716, 60.235311970745286, 59.24357913776313, 58.26456933837461, 57.298616903529364, 56.346051705098965, 55.40719904322603, 54.48237953523449, 53.5719090061391, 52.676098380791444, 51.79525357769945, 50.92967540455642, 50.07965945551551, 49.245496010244615, 48.42746993479613, 47.62586058432537, 46.840941707691236, 46.072981353970995, 45.32224178092191, 44.588979365420414, 43.87344451590966, 43.17588158688527, 42.49652879544843, 41.83561813995508, 41.193375320788604, 40.57001966328338, 39.96576404282539, 39.38081481215544, 38.81537173089997, 38.269627897353196, 37.74376968253432, 37.23797666654194, 36.7524215772277, 36.28727023120976, 35.84268147724665, 35.41880714199057, 35.01579197813869, 34.63377361500026, 34.27288251149633, 33.93324191160812, 33.614967802289364, 33.3181688738568, 33.0429464828726, 32.78939461753116, 32.55759986556219, 32.34764138466116, 32.159590875456956, 31.993512557026193, 31.849463144962442, 31.727491832008, 31.627640271254492, 31.549942561918428, 31.494425237696362, 31.461107257703674, 31.450000000000003], "Y": [-256.09999999999997, -256.0925040951085, -256.07001894027866, -256.0325522141703, -255.98011671163607, -255.91273033935198, -255.83041610970247, -255.73320213292158, -255.62112160749328, -255.49421280881432, -255.35251907612326, -255.19608879769993, -255.02497539434114, -254.83923730111735, -254.6389379474173, -254.42414573528671, -254.1949340160693, -253.9513810653572, -253.69357005625994, -253.42158903100096, -253.1355308708512, -252.83549326441027, -252.52157867424597, -252.19389430190324, -251.85255205129502, -251.4976684904872, -251.12936481189067, -250.7477667908743, -250.35300474281266, -249.9452134785835, -249.52453225853003, -249.09110474490345, -248.64507895280263, -248.18660719962696, -247.71584605306015, -247.23295627760248, -246.73810277966987, -246.23145455127855, -245.71318461233437, -245.1834699515467, -244.6424914659869, -244.0904338993122, -243.5274857786759, -242.95383935034545, -242.3696905140506, -241.77523875608384, -241.17068708117586, -240.5562419431699, -239.93211317451767, -239.29851391462188, -238.6556605370493, -238.00377257563952, -237.34307264953415, -236.67378638715263, -235.99614234914048, -235.31037195031587, -234.6167093806418, -233.91539152525027, -233.20665788354643, -232.49075048741972, -231.76791381859, -231.03839472511748, -230.3024423371043, -229.56030798161677, -228.81224509685737, -228.05850914561597, -227.2993575280294, -226.53504949367962, -225.76584605306016, -224.99200988844132, -224.2138052641644, -223.4314979363957, -222.64535506237092, -221.85564510916143, -221.06263776199273, -220.26660383214738, -219.46781516448326, -218.66654454459854, -217.86306560567587, -217.05765273503684, -216.2505809804389, -215.44212595614692, -214.63256374881104, -213.8221708231834, -213.01122392770574, -212.19999999999996]}