{"X": [9.649999999999999, 9.547087101881687, 9.444230767756963, 9.341487530530161, 9.238913860944198, 9.136566136542557, 9.034500610682521, 8.932773381616652, 8.83144036165952, 8.730557246456623, 8.630179484372423, 8.530362246014239, 8.431160393908872, 8.332628452348505, 8.234820577422536, 8.137790527251777, 8.0415916324414, 7.946276766768824, 7.851898318122737, 7.75850815970914, 7.666157621540289, 7.5748974622221965, 7.484777841056186, 7.395848290469843, 7.308157688792527, 7.221754233390375, 7.136685414175602, 7.052997987504637, 6.970737950479412, 6.8899505156660155, 6.810680086244498, 6.732970231603572, 6.656863663393577, 6.5824022120508845, 6.50962680380664, 6.438577438192493, 6.369293166055661, 6.301812068095423, 6.2361712339328275, 6.172406741725142, 6.110553638336212, 6.050645920073665, 5.992716514003538, 5.936797259852562, 5.882918892508116, 5.831111025125411, 5.781402132851215, 5.733819537173073, 5.688389390902597, 5.645136663801102, 5.6040851288554885, 5.5652573492118895, 5.528674665774304, 5.494357185474994, 5.4623237702231195, 5.432592026537671, 5.4051782958703996, 5.380097645624071, 5.35736386087097, 5.3369894367762205, 5.318985571730061, 5.303362161192882, 5.290127792256387, 5.279289738923867, 5.270853958112196, 5.264825086377726, 5.261206437367909, 5.26], "Y": [-25.609999999999996, -25.608793562632087, -25.60517491362227, -25.5991460418878, -25.59071026107613, -25.57987220774361, -25.566637838807114, -25.551014428269934, -25.533010563223776, -25.512636139129025, -25.489902354375925, -25.464821704129598, -25.437407973462324, -25.407676229776875, -25.375642814525, -25.341325334225694, -25.304742650788107, -25.26591487114451, -25.224863336198894, -25.181610609097397, -25.13618046282692, -25.08859786714878, -25.038888974874585, -24.987081107491882, -24.933202740147433, -24.877283485996458, -24.81935407992633, -24.759446361663784, -24.697593258274853, -24.633828766067168, -24.56818793190457, -24.500706833944335, -24.4314225618075, -24.360373196193358, -24.28759778794911, -24.213136336606418, -24.137029768396424, -24.0593199137555, -23.980049484333982, -23.899262049520583, -23.817002012495358, -23.73331458582439, -23.648245766609623, -23.561842311207467, -23.47415170953015, -23.38522215894381, -23.295102537777797, -23.203842378459704, -23.111491840290856, -23.01810168187726, -22.923723233231172, -22.8284083675586, -22.732209472748217, -22.63517942257746, -22.537371547651492, -22.438839606091122, -22.339637753985755, -22.239820515627574, -22.13944275354337, -22.038559638340477, -21.93722661838334, -21.835499389317473, -21.73343386345744, -21.631086139055796, -21.52851246946983, -21.42576923224303, -21.32291289811831, -21.219999999999995]}