{"X": [0.9649999999999999, 0.9518546218584173, 0.9387123009599181, 0.9255760938365547, 0.9124490555984921, 0.8993342392234683, 0.8862346948467652, 0.8731534690518266, 0.8600936041617152, 0.8470581375315492, 0.8340501008421036, 0.821072519394725, 0.8081284114077303, 0.7952207873144593, 0.7823526490631274, 0.7695269894186627, 0.7567467912666688, 0.7440150269196945, 0.731334657425953, 0.7187086318806712, 0.70613988674021, 0.6936313451391274, 0.6811859162103435, 0.6688064944085536, 0.6564959588370649, 0.6442571725781945, 0.6320929820274007, 0.6200062162312883, 0.6079996862296563, 0.5960761844017276, 0.584238483816719, 0.5724893375889077, 0.5608314782373304, 0.5492676170502809, 0.537800443454737, 0.5264326243908801, 0.5151668036918359, 0.5040056014687977, 0.49295161350166083, 0.4820074106353167, 0.47117553818174757, 0.4604585153280611, 0.44985883455059683, 0.43937896103524515, 0.4290213321041187, 0.41878835664869596, 0.4086824145695857, 0.3987058562230244, 0.3888610018742548, 0.3791501411578945, 0.3695755325454326, 0.3601394028199738, 0.35084394655835055, 0.3416913256207287, 0.33268366864781596, 0.323823070565805, 0.3151115920991495, 0.3065512592912995, 0.29814406303350055, 0.2898919586017685, 0.28179686520214814, 0.2738606655243599, 0.26608520530394003, 0.25847229289297274, 0.25102369883952164, 0.24374115547584807, 0.2366263565155208, 0.229680956659505, 0.2229065712113274, 0.2163047757014003, 0.20987710552059938, 0.203625055563175, 0.19755007987908058, 0.19165359133580437, 0.18593696128977355, 0.1804015192674177, 0.1750485526559575, 0.16987930640399554, 0.1648949827319754, 0.1600967408525804, 0.15548569670113324, 0.1510629226760598, 0.1468294473894818, 0.14278625542798878, 0.13893428712365177, 0.1352744383353293, 0.13180756024031495, 0.12853445913637812, 0.12545589625424186, 0.12257258758054249, 0.11988520369131038, 0.11739436959601449, 0.11510066459220113, 0.11300462213076727, 0.11110672969189352, 0.1094074286716716, 0.10790711427944644, 0.1066061354459029, 0.10550479474191406, 0.1046033483081716, 0.10390200579561465, 0.1034009303166711, 0.10310023840732228, 0.10300000000000012], "Y": [-2.5609999999999995, -2.560948950509496, -2.560795813910651, -2.5605406258187067, -2.5601834455831933, -2.5597243562741294, -2.559163464662701, -2.5585009011964304, -2.5577368199688353, -2.5568713986835947, -2.5559048386132166, -2.554837364552231, -2.5536692247649064, -2.552400690927511, -2.55103205806513, -2.5495636444830483, -2.547995791692726, -2.5463288643323683, -2.544563250082123, -2.542699359573917, -2.5407376262959547, -2.5386785064918995, -2.5365224790547676, -2.534270045415548, -2.531921729426586, -2.5294780772397476, -2.5269396571794034, -2.5243070596102486, -2.5215808968000037, -2.5187618027770178, -2.515850433182809, -2.5128474651195862, -2.509753596992768, -2.5065695483485575, -2.503296059706595, -2.4999338923877343, -2.49648382833698, -2.492946669941631, -2.489323239844666, -2.485614380753422, -2.4818209552436015, -2.477943845558666, -2.473983953404647, -2.4699421997404367, -2.4658195245636003, -2.461616886691755, -2.4573352635395818, -2.4529756508915, -2.4485390626700827, -2.444026530700242, -2.4394391044692574, -2.434777850882696, -2.4300438540162776, -2.425238214863753, -2.42036205108084, -2.415416496725292, -2.4104027019931458, -2.40532183295122, -2.400175071265919, -2.3949636139284127, -2.3896886729762494, -2.3843514752114707, -2.378953261915291, -2.373495288559411, -2.367978824514032, -2.362405152752634, -2.356775569553593, -2.351091384198705, -2.3453539186686814, -2.3395645073356963, -2.333724496653047, -2.3278352448420088, -2.32189812157595, -2.315914507661786, -2.3098857947188414, -2.303813384855198, -2.2976986903416057, -2.291543133283029, -2.2853481452879025, -2.279115167135183, -2.272845648439263, -2.2665410473128293, -2.2602028300277524, -2.253832470674069, -2.247431450817152, -2.2410012591531396, -2.2345433911627075, -2.228059348763262, -2.2215506399596365, -2.215018778493372, -2.2084652834906633, -2.2018916791090555, -2.195299494182964, -2.188690261868116, -2.182065519284976, -2.1754268071612604, -2.168775669473605, -2.16211365308848, -2.1554423074024327, -2.148763183981742, -2.1420778362015684, -2.1353878188846815, -2.128694687939854, -2.1219999999999994]}