{"X": [0.9649999999999999, 0.9529794723240859, 0.9409630496473612, 0.9289548355671616, 0.9169589308775946, 0.904979432169122, 0.8930204304295788, 0.8810860096471029, 0.8691802454154585, 0.8573072035422231, 0.8454709386603207, 0.8336754928433645, 0.8219248942252954, 0.8102231556247762, 0.7985742731748195, 0.78698222495811, 0.7754509696484942, 0.7639844451590966, 0.7525865672975257, 0.7412612284286297, 0.730012296145257, 0.7188436119474773, 0.7077589899307121, 0.6967622154832259, 0.6858570439934181, 0.6750471995673621, 0.664336373757026, 0.6537282242996127, 0.6432263738684436, 0.6328344088358198, 0.6225558780482798, 0.6123942916146716, 0.6023531197074529, 0.5924357913776312, 0.5826456933837462, 0.5729861690352936, 0.5634605170509897, 0.5540719904322603, 0.5448237953523449, 0.5357190900613911, 0.5267609838079145, 0.5179525357769945, 0.5092967540455642, 0.5007965945551551, 0.49245496010244616, 0.4842746993479613, 0.47625860584325375, 0.46840941707691236, 0.46072981353970993, 0.45322241780921907, 0.4458897936542041, 0.4387344451590966, 0.4317588158688527, 0.4249652879544843, 0.41835618139955083, 0.41193375320788606, 0.4057001966328338, 0.3996576404282539, 0.3938081481215544, 0.38815371730899967, 0.382696278973532, 0.3774376968253432, 0.3723797666654194, 0.367524215772277, 0.3628727023120976, 0.3584268147724665, 0.3541880714199057, 0.3501579197813869, 0.3463377361500026, 0.3427288251149633, 0.3393324191160812, 0.33614967802289364, 0.33318168873856796, 0.33042946482872604, 0.3278939461753116, 0.32557599865562187, 0.3234764138466116, 0.32159590875456956, 0.31993512557026194, 0.3184946314496244, 0.31727491832008, 0.3162764027125449, 0.31549942561918426, 0.3149442523769636, 0.31461107257703674, 0.3145], "Y": [-2.5609999999999995, -2.560925040951085, -2.5607001894027865, -2.5603255221417034, -2.5598011671163605, -2.55912730339352, -2.5583041610970247, -2.557332021329216, -2.556211216074933, -2.5549421280881432, -2.5535251907612326, -2.5519608879769993, -2.5502497539434112, -2.5483923730111737, -2.546389379474173, -2.544241457352867, -2.541949340160693, -2.539513810653572, -2.5369357005625996, -2.53421589031001, -2.531355308708512, -2.5283549326441026, -2.52521578674246, -2.521938943019032, -2.5185255205129504, -2.514976684904872, -2.5112936481189068, -2.507477667908743, -2.503530047428127, -2.499452134785835, -2.4952453225853004, -2.4909110474490346, -2.4864507895280266, -2.4818660719962695, -2.4771584605306014, -2.4723295627760247, -2.4673810277966988, -2.4623145455127853, -2.457131846123344, -2.451834699515467, -2.446424914659869, -2.4409043389931218, -2.435274857786759, -2.4295383935034547, -2.423696905140506, -2.417752387560838, -2.4117068708117584, -2.405562419431699, -2.3993211317451766, -2.392985139146219, -2.386556605370493, -2.380037725756395, -2.3734307264953416, -2.3667378638715264, -2.359961423491405, -2.3531037195031588, -2.346167093806418, -2.3391539152525027, -2.332066578835464, -2.324907504874197, -2.3176791381859, -2.3103839472511747, -2.3030244233710433, -2.2956030798161677, -2.2881224509685736, -2.28058509145616, -2.272993575280294, -2.265350494936796, -2.2576584605306014, -2.249920098884413, -2.242138052641644, -2.234314979363957, -2.226453550623709, -2.2185564510916143, -2.2106263776199273, -2.202666038321474, -2.1946781516448324, -2.1866654454459855, -2.1786306560567588, -2.1705765273503683, -2.1625058098043892, -2.1544212595614693, -2.1463256374881103, -2.1382217082318338, -2.1301122392770573, -2.1219999999999994]}