{"X": [187.2, 186.18089887640448, 185.16179775280898, 184.14269662921348, 183.12359550561797, 182.10449438202247, 181.08539325842696, 180.06629213483146, 179.04719101123595, 178.02808988764045, 177.00898876404494, 175.98988764044944, 174.97078651685393, 173.95168539325843, 172.93258426966293, 171.9134831460674, 170.89438202247192, 169.87528089887638, 168.85617977528088, 167.83707865168537, 166.81797752808987, 165.79887640449437, 164.77977528089886, 163.76067415730336, 162.74157303370785, 161.72247191011235, 160.70337078651684, 159.68426966292134, 158.66516853932583, 157.64606741573033, 156.62696629213482, 155.60786516853932, 154.58876404494382, 153.5696629213483, 152.5505617977528, 151.5314606741573, 150.5123595505618, 149.4932584269663, 148.4741573033708, 147.45505617977528, 146.43595505617978, 145.41685393258427, 144.39775280898877, 143.37865168539327, 142.35955056179773, 141.34044943820226, 140.32134831460672, 139.30224719101125, 138.28314606741571, 137.2640449438202, 136.2449438202247, 135.22584269662923, 134.2067415730337, 133.1876404494382, 132.1685393258427, 131.14943820224718, 130.13033707865168, 129.11123595505617, 128.09213483146067, 127.07303370786516, 126.05393258426966, 125.03483146067416, 124.01573033707865, 122.99662921348315, 121.97752808988764, 120.95842696629214, 119.93932584269662, 118.92022471910113, 117.90112359550562, 116.8820224719101, 115.8629213483146, 114.84382022471911, 113.82471910112359, 112.80561797752809, 111.78651685393258, 110.76741573033708, 109.74831460674157, 108.72921348314607, 107.71011235955056, 106.69101123595506, 105.67191011235956, 104.65280898876405, 103.63370786516853, 102.61460674157304, 101.59550561797754, 100.57640449438202, 99.55730337078651, 98.53820224719101, 97.5191011235955, 96.5], "Y": [-256.09999999999997, -256.09999999999997, -256.09999999999997, -256.09999999999997, -256.09999999999997, -256.09999999999997, -256.09999999999997, -256.09999999999997, -256.09999999999997, -256.09999999999997, -256.09999999999997, -256.09999999999997, -256.09999999999997, -256.09999999999997, -256.09999999999997, -256.09999999999997, -256.09999999999997, -256.09999999999997, -256.09999999999997, -256.09999999999997, -256.09999999999997, -256.09999999999997, -256.09999999999997, -256.09999999999997, -256.09999999999997, -256.09999999999997, -256.09999999999997, -256.09999999999997, -256.09999999999997, -256.09999999999997, -256.09999999999997, -256.09999999999997, -256.09999999999997, -256.09999999999997, -256.09999999999997, -256.09999999999997, -256.09999999999997, -256.09999999999997, -256.09999999999997, -256.09999999999997, -256.09999999999997, -256.09999999999997, -256.09999999999997, -256.09999999999997, -256.09999999999997, -256.09999999999997, -256.09999999999997, -256.09999999999997, -256.09999999999997, -256.09999999999997, -256.09999999999997, -256.09999999999997, -256.09999999999997, -256.09999999999997, -256.09999999999997, -256.09999999999997, -256.09999999999997, -256.09999999999997, -256.09999999999997, -256.09999999999997, -256.09999999999997, -256.09999999999997, -256.09999999999997, -256.09999999999997, -256.09999999999997, -256.09999999999997, -256.09999999999997, -256.09999999999997, -256.09999999999997, -256.09999999999997, -256.09999999999997, -256.09999999999997, -256.09999999999997, -256.09999999999997, -256.09999999999997, -256.09999999999997, -256.09999999999997, -256.09999999999997, -256.09999999999997, -256.09999999999997, -256.09999999999997, -256.09999999999997, -256.09999999999997, -256.09999999999997, -256.09999999999997, -256.09999999999997, -256.09999999999997, -256.09999999999997, -256.09999999999997, -256.09999999999997]}