{"X": [18.72, 18.618089887640448, 18.516179775280897, 18.41426966292135, 18.312359550561798, 18.210449438202247, 18.108539325842695, 18.006629213483144, 17.904719101123597, 17.802808988764045, 17.700898876404494, 17.598988764044943, 17.497078651685392, 17.395168539325844, 17.293258426966293, 17.19134831460674, 17.08943820224719, 16.98752808988764, 16.88561797752809, 16.783707865168537, 16.681797752808986, 16.579887640449435, 16.477977528089887, 16.376067415730336, 16.274157303370785, 16.172247191011234, 16.070337078651683, 15.968426966292133, 15.866516853932584, 15.764606741573033, 15.662696629213482, 15.560786516853932, 15.458876404494381, 15.356966292134832, 15.25505617977528, 15.15314606741573, 15.05123595505618, 14.949325842696629, 14.84741573033708, 14.745505617977528, 14.643595505617977, 14.541685393258428, 14.439775280898877, 14.337865168539327, 14.235955056179773, 14.134044943820225, 14.032134831460672, 13.930224719101124, 13.828314606741571, 13.72640449438202, 13.62449438202247, 13.522584269662923, 13.42067415730337, 13.31876404494382, 13.216853932584268, 13.114943820224719, 13.013033707865167, 12.911123595505618, 12.809213483146067, 12.707303370786516, 12.605393258426966, 12.503483146067415, 12.401573033707866, 12.299662921348315, 12.197752808988763, 12.095842696629214, 11.993932584269661, 11.892022471910114, 11.790112359550562, 11.688202247191011, 11.58629213483146, 11.48438202247191, 11.38247191011236, 11.280561797752808, 11.178651685393259, 11.076741573033708, 10.974831460674157, 10.872921348314607, 10.771011235955056, 10.669101123595507, 10.567191011235956, 10.465280898876404, 10.363370786516853, 10.261460674157304, 10.159550561797754, 10.057640449438201, 9.955730337078652, 9.853820224719101, 9.75191011235955, 9.65], "Y": [-25.609999999999996, -25.609999999999996, -25.609999999999996, -25.609999999999996, -25.609999999999996, -25.609999999999996, -25.609999999999996, -25.609999999999996, -25.609999999999996, -25.609999999999996, -25.609999999999996, -25.609999999999996, -25.609999999999996, -25.609999999999996, -25.609999999999996, -25.609999999999996, -25.609999999999996, -25.609999999999996, -25.609999999999996, -25.609999999999996, -25.609999999999996, -25.609999999999996, -25.609999999999996, -25.609999999999996, -25.609999999999996, -25.609999999999996, -25.609999999999996, -25.609999999999996, -25.609999999999996, -25.609999999999996, -25.609999999999996, -25.609999999999996, -25.609999999999996, -25.609999999999996, -25.609999999999996, -25.609999999999996, -25.609999999999996, -25.609999999999996, -25.609999999999996, -25.609999999999996, -25.609999999999996, -25.609999999999996, -25.609999999999996, -25.609999999999996, -25.609999999999996, -25.609999999999996, -25.609999999999996, -25.609999999999996, -25.609999999999996, -25.609999999999996, -25.609999999999996, -25.609999999999996, -25.609999999999996, -25.609999999999996, -25.609999999999996, -25.609999999999996, -25.609999999999996, -25.609999999999996, -25.609999999999996, -25.609999999999996, -25.609999999999996, -25.609999999999996, -25.609999999999996, -25.609999999999996, -25.609999999999996, -25.609999999999996, -25.609999999999996, -25.609999999999996, -25.609999999999996, -25.609999999999996, -25.609999999999996, -25.609999999999996, -25.609999999999996, -25.609999999999996, -25.609999999999996, -25.609999999999996, -25.609999999999996, -25.609999999999996, -25.609999999999996, -25.609999999999996, -25.609999999999996, -25.609999999999996, -25.609999999999996, -25.609999999999996, -25.609999999999996, -25.609999999999996, -25.609999999999996, -25.609999999999996, -25.609999999999996, -25.609999999999996]}