{"X": [1.8719999999999999, 1.8618089887640448, 1.8516179775280899, 1.8414269662921348, 1.8312359550561796, 1.8210449438202247, 1.8108539325842696, 1.8006629213483145, 1.7904719101123596, 1.7802808988764045, 1.7700898876404494, 1.7598988764044945, 1.7497078651685394, 1.7395168539325843, 1.7293258426966291, 1.719134831460674, 1.7089438202247191, 1.6987528089887638, 1.6885617977528087, 1.6783707865168538, 1.6681797752808987, 1.6579887640449436, 1.6477977528089887, 1.6376067415730335, 1.6274157303370784, 1.6172247191011235, 1.6070337078651684, 1.5968426966292133, 1.5866516853932584, 1.5764606741573033, 1.5662696629213482, 1.5560786516853933, 1.5458876404494382, 1.535696629213483, 1.5255056179775281, 1.515314606741573, 1.505123595505618, 1.494932584269663, 1.484741573033708, 1.4745505617977528, 1.464359550561798, 1.4541685393258428, 1.4439775280898877, 1.4337865168539325, 1.4235955056179774, 1.4134044943820225, 1.4032134831460672, 1.3930224719101125, 1.3828314606741572, 1.372640449438202, 1.362449438202247, 1.3522584269662923, 1.342067415730337, 1.3318764044943818, 1.321685393258427, 1.3114943820224718, 1.3013033707865167, 1.2911123595505618, 1.2809213483146067, 1.2707303370786516, 1.2605393258426967, 1.2503483146067416, 1.2401573033707864, 1.2299662921348316, 1.2197752808988764, 1.2095842696629213, 1.1993932584269662, 1.1892022471910113, 1.1790112359550562, 1.168820224719101, 1.158629213483146, 1.148438202247191, 1.138247191011236, 1.1280561797752808, 1.1178651685393257, 1.1076741573033708, 1.0974831460674157, 1.0872921348314606, 1.0771011235955057, 1.0669101123595506, 1.0567191011235955, 1.0465280898876406, 1.0363370786516852, 1.0261460674157303, 1.0159550561797754, 1.00576404494382, 0.9955730337078651, 0.9853820224719101, 0.9751910112359551, 0.965], "Y": [-2.5609999999999995, -2.5609999999999995, -2.5609999999999995, -2.5609999999999995, -2.5609999999999995, -2.5609999999999995, -2.5609999999999995, -2.5609999999999995, -2.5609999999999995, -2.5609999999999995, -2.5609999999999995, -2.5609999999999995, -2.5609999999999995, -2.5609999999999995, -2.5609999999999995, -2.5609999999999995, -2.5609999999999995, -2.5609999999999995, -2.5609999999999995, -2.5609999999999995, -2.5609999999999995, -2.5609999999999995, -2.5609999999999995, -2.5609999999999995, -2.5609999999999995, -2.5609999999999995, -2.5609999999999995, -2.5609999999999995, -2.5609999999999995, -2.5609999999999995, -2.5609999999999995, -2.5609999999999995, -2.5609999999999995, -2.5609999999999995, -2.5609999999999995, -2.5609999999999995, -2.5609999999999995, -2.5609999999999995, -2.5609999999999995, -2.5609999999999995, -2.5609999999999995, -2.5609999999999995, -2.5609999999999995, -2.5609999999999995, -2.5609999999999995, -2.5609999999999995, -2.5609999999999995, -2.5609999999999995, -2.5609999999999995, -2.5609999999999995, -2.5609999999999995, -2.5609999999999995, -2.5609999999999995, -2.5609999999999995, -2.5609999999999995, -2.5609999999999995, -2.5609999999999995, -2.5609999999999995, -2.5609999999999995, -2.5609999999999995, -2.5609999999999995, -2.5609999999999995, -2.5609999999999995, -2.5609999999999995, -2.5609999999999995, -2.5609999999999995, -2.5609999999999995, -2.5609999999999995, -2.5609999999999995, -2.5609999999999995, -2.5609999999999995, -2.5609999999999995, -2.5609999999999995, -2.5609999999999995, -2.5609999999999995, -2.5609999999999995, -2.5609999999999995, -2.5609999999999995, -2.5609999999999995, -2.5609999999999995, -2.5609999999999995, -2.5609999999999995, -2.5609999999999995, -2.5609999999999995, -2.5609999999999995, -2.5609999999999995, -2.5609999999999995, -2.5609999999999995, -2.5609999999999995, -2.5609999999999995]}