{"X": [-8.82, -8.921958762886598, -9.023917525773197, -9.125876288659793, -9.227835051546393, -9.32979381443299, -9.431752577319589, -9.533711340206185, -9.635670103092783, -9.737628865979381, -9.83958762886598, -9.941546391752578, -10.043505154639174, -10.145463917525774, -10.247422680412372, -10.34938144329897, -10.451340206185566, -10.553298969072165, -10.655257731958763, -10.75721649484536, -10.859175257731959, -10.961134020618557, -11.063092783505155, -11.165051546391753, -11.267010309278351, -11.368969072164948, -11.470927835051546, -11.572886597938146, -11.674845360824742, -11.77680412371134, -11.878762886597938, -11.980721649484536, -12.082680412371134, -12.184639175257733, -12.286597938144329, -12.388556701030927, -12.490515463917527, -12.592474226804123, -12.694432989690721, -12.79639175257732, -12.898350515463918, -13.000309278350517, -13.102268041237114, -13.20422680412371, -13.306185567010308, -13.408144329896908, -13.510103092783504, -13.612061855670103, -13.714020618556702, -13.815979381443299, -13.917938144329895, -14.019896907216495, -14.121855670103093, -14.22381443298969, -14.32577319587629, -14.427731958762886, -14.529690721649484, -14.63164948453608, -14.73360824742268, -14.83556701030928, -14.937525773195876, -15.039484536082474, -15.14144329896907, -15.24340206185567, -15.345360824742267, -15.447319587628865, -15.549278350515465, -15.651237113402061, -15.753195876288657, -15.85515463917526, -15.957113402061855, -16.059072164948454, -16.16103092783505, -16.26298969072165, -16.364948453608246, -16.466907216494842, -16.568865979381442, -16.670824742268042, -16.77278350515464, -16.87474226804124, -16.976701030927835, -17.07865979381443, -17.180618556701027, -17.282577319587627, -17.384536082474227, -17.486494845360824, -17.58845360824742, -17.690412371134023, -17.79237113402062, -17.894329896907216, -17.996288659793812, -18.098247422680412, -18.20020618556701, -18.30216494845361, -18.40412371134021, -18.506082474226805, -18.6080412371134, -18.71], "Y": [4.069999999999999, 4.069999999999999, 4.069999999999999, 4.069999999999999, 4.069999999999999, 4.069999999999999, 4.069999999999999, 4.069999999999999, 4.069999999999999, 4.069999999999999, 4.069999999999999, 4.069999999999999, 4.069999999999999, 4.069999999999999, 4.069999999999999, 4.069999999999999, 4.069999999999999, 4.069999999999999, 4.069999999999999, 4.069999999999999, 4.069999999999999, 4.069999999999999, 4.069999999999999, 4.069999999999999, 4.069999999999999, 4.069999999999999, 4.069999999999999, 4.069999999999999, 4.069999999999999, 4.069999999999999, 4.069999999999999, 4.069999999999999, 4.069999999999999, 4.069999999999999, 4.069999999999999, 4.069999999999999, 4.069999999999999, 4.069999999999999, 4.069999999999999, 4.069999999999999, 4.069999999999999, 4.069999999999999, 4.069999999999999, 4.069999999999999, 4.069999999999999, 4.069999999999999, 4.069999999999999, 4.069999999999999, 4.069999999999999, 4.069999999999999, 4.069999999999999, 4.069999999999999, 4.069999999999999, 4.069999999999999, 4.069999999999999, 4.069999999999999, 4.069999999999999, 4.069999999999999, 4.069999999999999, 4.069999999999999, 4.069999999999999, 4.069999999999999, 4.069999999999999, 4.069999999999999, 4.069999999999999, 4.069999999999999, 4.069999999999999, 4.069999999999999, 4.069999999999999, 4.069999999999999, 4.069999999999999, 4.069999999999999, 4.069999999999999, 4.069999999999999, 4.069999999999999, 4.069999999999999, 4.069999999999999, 4.069999999999999, 4.069999999999999, 4.069999999999999, 4.069999999999999, 4.069999999999999, 4.069999999999999, 4.069999999999999, 4.069999999999999, 4.069999999999999, 4.069999999999999, 4.069999999999999, 4.069999999999999, 4.069999999999999, 4.069999999999999, 4.069999999999999, 4.069999999999999, 4.069999999999999, 4.069999999999999, 4.069999999999999, 4.069999999999999, 4.069999999999999]}