{"X": [-88.2, -89.21958762886598, -90.23917525773196, -91.25876288659794, -92.27835051546393, -93.2979381443299, -94.31752577319588, -95.33711340206186, -96.35670103092784, -97.37628865979381, -98.39587628865979, -99.41546391752577, -100.43505154639175, -101.45463917525774, -102.47422680412372, -103.4938144329897, -104.51340206185567, -105.53298969072165, -106.55257731958763, -107.5721649484536, -108.5917525773196, -109.61134020618557, -110.63092783505155, -111.65051546391753, -112.6701030927835, -113.68969072164948, -114.70927835051546, -115.72886597938145, -116.74845360824742, -117.76804123711341, -118.78762886597939, -119.80721649484536, -120.82680412371134, -121.84639175257732, -122.8659793814433, -123.88556701030927, -124.90515463917527, -125.92474226804123, -126.94432989690722, -127.9639175257732, -128.98350515463918, -130.00309278350517, -131.02268041237113, -132.0422680412371, -133.06185567010309, -134.08144329896908, -135.10103092783504, -136.12061855670103, -137.14020618556702, -138.159793814433, -139.17938144329895, -140.19896907216494, -141.21855670103093, -142.2381443298969, -143.2577319587629, -144.27731958762885, -145.29690721649484, -146.3164948453608, -147.3360824742268, -148.3556701030928, -149.37525773195875, -150.39484536082475, -151.4144329896907, -152.4340206185567, -153.45360824742266, -154.47319587628866, -155.49278350515465, -156.5123711340206, -157.53195876288657, -158.5515463917526, -159.57113402061856, -160.59072164948452, -161.6103092783505, -162.6298969072165, -163.64948453608247, -164.66907216494843, -165.68865979381442, -166.70824742268042, -167.72783505154638, -168.74742268041237, -169.76701030927836, -170.78659793814433, -171.8061855670103, -172.82577319587628, -173.84536082474227, -174.86494845360824, -175.8845360824742, -176.90412371134022, -177.92371134020618, -178.94329896907215, -179.96288659793814, -180.98247422680413, -182.0020618556701, -183.02164948453608, -184.04123711340208, -185.06082474226804, -186.080412371134, -187.1], "Y": [40.699999999999996, 40.699999999999996, 40.699999999999996, 40.699999999999996, 40.699999999999996, 40.699999999999996, 40.699999999999996, 40.699999999999996, 40.699999999999996, 40.699999999999996, 40.699999999999996, 40.699999999999996, 40.699999999999996, 40.699999999999996, 40.699999999999996, 40.699999999999996, 40.699999999999996, 40.699999999999996, 40.699999999999996, 40.699999999999996, 40.699999999999996, 40.699999999999996, 40.699999999999996, 40.699999999999996, 40.699999999999996, 40.699999999999996, 40.699999999999996, 40.699999999999996, 40.699999999999996, 40.699999999999996, 40.699999999999996, 40.699999999999996, 40.699999999999996, 40.699999999999996, 40.699999999999996, 40.699999999999996, 40.699999999999996, 40.699999999999996, 40.699999999999996, 40.699999999999996, 40.699999999999996, 40.699999999999996, 40.699999999999996, 40.699999999999996, 40.699999999999996, 40.699999999999996, 40.699999999999996, 40.699999999999996, 40.699999999999996, 40.699999999999996, 40.699999999999996, 40.699999999999996, 40.699999999999996, 40.699999999999996, 40.699999999999996, 40.699999999999996, 40.699999999999996, 40.699999999999996, 40.699999999999996, 40.699999999999996, 40.699999999999996, 40.699999999999996, 40.699999999999996, 40.699999999999996, 40.699999999999996, 40.699999999999996, 40.699999999999996, 40.699999999999996, 40.699999999999996, 40.699999999999996, 40.699999999999996, 40.699999999999996, 40.699999999999996, 40.699999999999996, 40.699999999999996, 40.699999999999996, 40.699999999999996, 40.699999999999996, 40.699999999999996, 40.699999999999996, 40.699999999999996, 40.699999999999996, 40.699999999999996, 40.699999999999996, 40.699999999999996, 40.699999999999996, 40.699999999999996, 40.699999999999996, 40.699999999999996, 40.699999999999996, 40.699999999999996, 40.699999999999996, 40.699999999999996, 40.699999999999996, 40.699999999999996, 40.699999999999996, 40.699999999999996, 40.699999999999996]}