{"X": [5.345000000000001, 5.346321346369516, 5.350284555058929, 5.356887135332727, 5.36612493770436, 5.37799215654404, 5.392481333727378, 5.409583363322546, 5.429287497313031, 5.451581352352383, 5.476450917546705, 5.503880563259999, 5.533853050936845, 5.5663495439362025, 5.601349619369587, 5.638831280936112, 5.678770972746395, 5.721143594126581, 5.765922515393235, 5.81307959458914, 5.862585195169518, 5.914408204627549, 5.96851605404746, 6.024874738572941, 6.083448838777982, 6.1442015429267185, 6.207094670108299, 6.272088694232228, 6.339142768869103, 6.408214752921145, 6.479261237106373, 6.552237571239796, 6.627097892294461, 6.703795153224734], "Y": [-14.030000000000001, -13.924592329447062, -13.81925090386098, -13.714041926575993, -13.609031517687313, -13.504285672496987, -13.399870220038196, -13.29585078170405, -13.192292730006901, -13.089261147494017, -12.986820785845543, -12.885036025180364, -12.783970833595495, -12.683688726964416, -12.584252729019596, -12.485725331744336, -12.38816845609877, -12.291643413104756, -12.19621086531408, -12.101930788684202, -12.008862434885497, -11.917064294063705, -11.826594058080943, -11.737508584258427, -11.649863859643682, -11.563714965824662, -11.479116044312942, -11.396120262517703, -11.31477978033191, -11.235145717351681, -11.157268120749432, -11.081195933821016, -11.006976965226611, -10.934657858944673]}