{"X": [0.5345, 0.5346321346369516, 0.5350284555058928, 0.5356887135332726, 0.536612493770436, 0.5377992156544039, 0.5392481333727378, 0.5409583363322547, 0.5429287497313031, 0.5451581352352384, 0.5476450917546705, 0.550388056326, 0.5533853050936844, 0.5566349543936202, 0.5601349619369587, 0.5638831280936113, 0.5678770972746395, 0.5721143594126581, 0.5765922515393236, 0.581307959458914, 0.5862585195169518, 0.5914408204627548, 0.596851605404746, 0.6024874738572941, 0.6083448838777982, 0.6144201542926718, 0.62070946701083, 0.6272088694232228, 0.6339142768869103, 0.6408214752921145, 0.6479261237106373, 0.6552237571239796, 0.6627097892294461, 0.6703795153224733], "Y": [-1.403, -1.3924592329447063, -1.3819250903860978, -1.3714041926575993, -1.3609031517687313, -1.3504285672496987, -1.3399870220038195, -1.329585078170405, -1.31922927300069, -1.3089261147494016, -1.2986820785845543, -1.2885036025180363, -1.2783970833595495, -1.2683688726964415, -1.2584252729019596, -1.2485725331744335, -1.238816845609877, -1.2291643413104756, -1.219621086531408, -1.21019307886842, -1.2008862434885499, -1.1917064294063706, -1.1826594058080944, -1.1737508584258427, -1.164986385964368, -1.156371496582466, -1.1479116044312943, -1.1396120262517704, -1.1314779780331912, -1.1235145717351682, -1.115726812074943, -1.1081195933821015, -1.1006976965226611, -1.0934657858944674]}