{"X": [53.45, 53.463213463695155, 53.502845550589285, 53.56887135332727, 53.661249377043596, 53.7799215654404, 53.92481333727378, 54.09583363322546, 54.29287497313031, 54.51581352352383, 54.76450917546705, 55.038805632599995, 55.33853050936845, 55.66349543936202, 56.013496193695865, 56.388312809361125, 56.78770972746395, 57.21143594126581, 57.659225153932354, 58.1307959458914, 58.62585195169518, 59.144082046275486, 59.6851605404746, 60.24874738572941, 60.83448838777982, 61.44201542926719, 62.070946701082995, 62.72088694232228, 63.39142768869103, 64.08214752921145, 64.79261237106373, 65.52237571239796, 66.27097892294461, 67.03795153224733], "Y": [-140.3, -139.24592329447063, -138.19250903860978, -137.14041926575993, -136.09031517687313, -135.04285672496988, -133.99870220038196, -132.9585078170405, -131.922927300069, -130.89261147494017, -129.86820785845543, -128.85036025180364, -127.83970833595495, -126.83688726964415, -125.84252729019596, -124.85725331744335, -123.8816845609877, -122.91643413104757, -121.9621086531408, -121.01930788684201, -120.08862434885498, -119.17064294063705, -118.26594058080943, -117.37508584258427, -116.49863859643682, -115.63714965824661, -114.79116044312943, -113.96120262517704, -113.14779780331911, -112.35145717351682, -111.57268120749431, -110.81195933821016, -110.06976965226612, -109.34657858944674]}