{"X": [6.685, 6.76, 6.834999999999999, 6.909999999999999, 6.984999999999999, 7.06, 7.135, 7.209999999999999, 7.284999999999999, 7.359999999999999, 7.435, 7.51, 7.584999999999999, 7.659999999999999, 7.734999999999999, 7.81, 7.885, 7.959999999999999, 8.035, 8.11, 8.184999999999999, 8.26, 8.334999999999999, 8.41, 8.485, 8.559999999999999, 8.635, 8.709999999999999, 8.785, 8.86, 8.934999999999999, 9.01, 9.084999999999999, 9.16, 9.235, 9.309999999999999, 9.385, 9.459999999999999, 9.535, 9.61, 9.684999999999999, 9.76, 9.834999999999999, 9.91, 9.985, 10.059999999999999, 10.135, 10.209999999999999, 10.285, 10.36, 10.434999999999999, 10.51, 10.584999999999999, 10.66, 10.735, 10.809999999999999, 10.885, 10.959999999999999, 11.035, 11.11, 11.184999999999999, 11.26, 11.334999999999999, 11.41, 11.485, 11.559999999999999, 11.635, 11.709999999999999, 11.785, 11.86, 11.934999999999999, 12.01, 12.084999999999999, 12.16, 12.235, 12.309999999999999, 12.385, 12.459999999999999, 12.535, 12.61, 12.684999999999999, 12.76, 12.834999999999999], "Y": [-10.950000000000001, -10.881036585365855, -10.81207317073171, -10.743109756097564, -10.674146341463416, -10.605182926829269, -10.536219512195123, -10.467256097560977, -10.398292682926831, -10.329329268292685, -10.260365853658538, -10.19140243902439, -10.122439024390244, -10.053475609756099, -9.984512195121953, -9.915548780487807, -9.84658536585366, -9.777621951219512, -9.708658536585366, -9.63969512195122, -9.570731707317075, -9.501768292682929, -9.432804878048781, -9.363841463414634, -9.294878048780488, -9.225914634146342, -9.156951219512196, -9.08798780487805, -9.019024390243903, -8.950060975609755, -8.88109756097561, -8.812134146341464, -8.743170731707318, -8.674207317073172, -8.605243902439025, -8.536280487804879, -8.467317073170733, -8.398353658536585, -8.32939024390244, -8.260426829268294, -8.191463414634146, -8.122499999999999, -8.053536585365853, -7.984573170731707, -7.915609756097561, -7.846646341463415, -7.777682926829269, -7.708719512195122, -7.639756097560976, -7.570792682926831, -7.501829268292683, -7.432865853658536, -7.363902439024391, -7.294939024390243, -7.225975609756096, -7.1570121951219505, -7.088048780487805, -7.019085365853658, -6.950121951219512, -6.881158536585366, -6.81219512195122, -6.743231707317074, -6.674268292682927, -6.60530487804878, -6.536341463414634, -6.467378048780487, -6.398414634146341, -6.329451219512195, -6.260487804878048, -6.191524390243901, -6.122560975609756, -6.053597560975609, -5.984634146341463, -5.9156707317073165, -5.84670731707317, -5.777743902439024, -5.708780487804877, -5.639817073170731, -5.570853658536585, -5.501890243902438, -5.4329268292682915, -5.363963414634146, -5.295]}