{"X": [0.6685, 0.6759999999999999, 0.6835, 0.691, 0.6984999999999999, 0.706, 0.7134999999999999, 0.721, 0.7284999999999999, 0.736, 0.7434999999999999, 0.7509999999999999, 0.7585, 0.7659999999999999, 0.7735, 0.7809999999999999, 0.7885, 0.7959999999999999, 0.8035, 0.8109999999999999, 0.8184999999999999, 0.826, 0.8334999999999999, 0.841, 0.8484999999999999, 0.856, 0.8634999999999999, 0.871, 0.8785, 0.8859999999999999, 0.8935, 0.9009999999999999, 0.9085, 0.9159999999999999, 0.9235, 0.9309999999999999, 0.9384999999999999, 0.946, 0.9534999999999999, 0.961, 0.9684999999999999, 0.976, 0.9834999999999999, 0.991, 0.9984999999999999, 1.006, 1.0134999999999998, 1.021, 1.0285, 1.036, 1.0434999999999999, 1.051, 1.0585, 1.0659999999999998, 1.0735, 1.081, 1.0885, 1.0959999999999999, 1.1035, 1.111, 1.1185, 1.126, 1.1335, 1.141, 1.1484999999999999, 1.156, 1.1635, 1.171, 1.1784999999999999, 1.186, 1.1935, 1.2009999999999998, 1.2085, 1.216, 1.2235, 1.2309999999999999, 1.2385, 1.246, 1.2534999999999998, 1.261, 1.2685, 1.276, 1.2834999999999999], "Y": [-1.0950000000000002, -1.0881036585365855, -1.0812073170731709, -1.0743109756097562, -1.0674146341463415, -1.0605182926829269, -1.0536219512195124, -1.0467256097560977, -1.039829268292683, -1.0329329268292684, -1.0260365853658537, -1.019140243902439, -1.0122439024390244, -1.00534756097561, -0.9984512195121953, -0.9915548780487806, -0.9846585365853658, -0.9777621951219513, -0.9708658536585366, -0.9639695121951221, -0.9570731707317074, -0.9501768292682928, -0.9432804878048782, -0.9363841463414634, -0.9294878048780488, -0.9225914634146342, -0.9156951219512196, -0.9087987804878049, -0.9019024390243903, -0.8950060975609756, -0.888109756097561, -0.8812134146341464, -0.8743170731707317, -0.8674207317073171, -0.8605243902439025, -0.8536280487804879, -0.8467317073170733, -0.8398353658536586, -0.8329390243902439, -0.8260426829268294, -0.8191463414634147, -0.8122499999999999, -0.8053536585365854, -0.7984573170731707, -0.7915609756097561, -0.7846646341463415, -0.7777682926829269, -0.7708719512195122, -0.7639756097560977, -0.757079268292683, -0.7501829268292682, -0.7432865853658537, -0.736390243902439, -0.7294939024390242, -0.7225975609756097, -0.715701219512195, -0.7088048780487805, -0.7019085365853658, -0.6950121951219512, -0.6881158536585366, -0.681219512195122, -0.6743231707317073, -0.6674268292682928, -0.660530487804878, -0.6536341463414633, -0.6467378048780488, -0.6398414634146341, -0.6329451219512194, -0.6260487804878049, -0.6191524390243902, -0.6122560975609755, -0.605359756097561, -0.5984634146341463, -0.5915670731707316, -0.584670731707317, -0.5777743902439024, -0.5708780487804878, -0.5639817073170731, -0.5570853658536585, -0.5501890243902438, -0.5432926829268292, -0.5363963414634145, -0.5295]}