{"X": [66.85, 67.6, 68.35, 69.1, 69.85, 70.6, 71.35, 72.1, 72.85, 73.6, 74.35, 75.1, 75.85, 76.6, 77.35, 78.1, 78.85, 79.6, 80.35, 81.1, 81.85, 82.6, 83.35, 84.1, 84.85, 85.6, 86.35, 87.1, 87.85, 88.6, 89.35, 90.1, 90.85, 91.6, 92.35, 93.1, 93.85, 94.6, 95.35, 96.1, 96.85, 97.6, 98.35, 99.1, 99.85, 100.6, 101.35, 102.1, 102.85, 103.6, 104.35, 105.1, 105.85, 106.6, 107.35, 108.1, 108.85, 109.6, 110.35, 111.1, 111.85, 112.6, 113.35, 114.1, 114.85, 115.6, 116.35, 117.1, 117.85, 118.6, 119.35, 120.1, 120.85, 121.6, 122.35, 123.1, 123.85, 124.6, 125.35, 126.1, 126.85, 127.6, 128.35], "Y": [-109.50000000000001, -108.81036585365855, -108.12073170731709, -107.43109756097563, -106.74146341463415, -106.05182926829269, -105.36219512195123, -104.67256097560977, -103.98292682926831, -103.29329268292685, -102.60365853658537, -101.91402439024391, -101.22439024390245, -100.53475609756099, -99.84512195121953, -99.15548780487806, -98.46585365853659, -97.77621951219513, -97.08658536585367, -96.3969512195122, -95.70731707317074, -95.01768292682928, -94.32804878048782, -93.63841463414634, -92.94878048780488, -92.25914634146342, -91.56951219512196, -90.8798780487805, -90.19024390243902, -89.50060975609756, -88.8109756097561, -88.12134146341464, -87.43170731707318, -86.74207317073171, -86.05243902439025, -85.36280487804879, -84.67317073170733, -83.98353658536585, -83.2939024390244, -82.60426829268293, -81.91463414634147, -81.225, -80.53536585365853, -79.84573170731707, -79.15609756097561, -78.46646341463415, -77.77682926829269, -77.08719512195123, -76.39756097560976, -75.7079268292683, -75.01829268292683, -74.32865853658537, -73.6390243902439, -72.94939024390243, -72.25975609756097, -71.5701219512195, -70.88048780487804, -70.19085365853658, -69.50121951219512, -68.81158536585366, -68.1219512195122, -67.43231707317074, -66.74268292682927, -66.0530487804878, -65.36341463414634, -64.67378048780488, -63.98414634146341, -63.294512195121946, -62.604878048780485, -61.915243902439016, -61.225609756097555, -60.53597560975609, -59.84634146341463, -59.15670731707316, -58.4670731707317, -57.77743902439024, -57.08780487804877, -56.39817073170731, -55.70853658536585, -55.01890243902438, -54.32926829268292, -53.63963414634146, -52.949999999999996]}