{"X": [1.2920943207298572, 1.297352294372454, 1.3027255152023123, 1.3082106831599654, 1.313804429431622, 1.3195033185181806, 1.325303850345203, 1.3312024624125494, 1.3371955319823488, 1.3432793783039696, 1.3494502648746185, 1.3557044017341795, 1.3620379477928861, 1.3684470131903945, 1.374927661684812, 1.3814759130702088, 1.3880877456211334, 1.3947590985626268, 1.40148587456422, 1.408263942256382, 1.4150891387678755, 1.421957272282457, 1.4288641246133564, 1.4358054537939524, 1.4427769966830497, 1.4497744715831657, 1.4567935808702106, 1.4638300136329492, 1.4708794483206244, 1.4779375553971161, 1.485], "Y": [-0.5212086777168207, -0.5164928006506124, -0.5119086670090816, -0.507459092219715, -0.5031468090682785, -0.4989744660204288, -0.49494462559511015, -0.4910597627907384, -0.48732226356513586, -0.48373442337015304, -0.4802984457418762, -0.47701644094728574, -0.4738904246881983, -0.470922316863288, -0.4681139403889456, -0.46546702007970253, -0.46298318158890495, -0.4606639504102897, -0.4585107509410751, -0.45652490560714226, -0.4547076340508434, -0.4530600523819367, -0.45158317249210767, -0.4502779014334976, -0.4491450408616218, -0.44818528654301804, -0.4473992279279292, -0.44678734778828216, -0.44635002192118456, -0.4460875189181225, -0.44599999999999995]}