{"X": [129.20943207298572, 129.7352294372454, 130.27255152023122, 130.82106831599654, 131.3804429431622, 131.95033185181805, 132.5303850345203, 133.12024624125493, 133.71955319823488, 134.32793783039696, 134.94502648746186, 135.57044017341795, 136.20379477928861, 136.84470131903944, 137.4927661684812, 138.1475913070209, 138.80877456211334, 139.4759098562627, 140.148587456422, 140.8263942256382, 141.50891387678755, 142.1957272282457, 142.88641246133565, 143.58054537939523, 144.27769966830496, 144.97744715831658, 145.67935808702106, 146.3830013632949, 147.08794483206245, 147.7937555397116, 148.5], "Y": [-52.12086777168207, -51.64928006506124, -51.19086670090816, -50.745909221971495, -50.314680906827846, -49.897446602042876, -49.494462559511014, -49.105976279073836, -48.732226356513586, -48.373442337015305, -48.02984457418762, -47.70164409472857, -47.38904246881983, -47.0922316863288, -46.81139403889456, -46.546702007970254, -46.298318158890496, -46.06639504102897, -45.85107509410751, -45.65249056071423, -45.47076340508434, -45.30600523819367, -45.15831724921077, -45.02779014334976, -44.91450408616218, -44.8185286543018, -44.73992279279292, -44.678734778828215, -44.635002192118456, -44.60875189181225, -44.599999999999994]}