{"X": [12.920943207298572, 12.973522943724541, 13.027255152023121, 13.082106831599654, 13.13804429431622, 13.195033185181805, 13.253038503452029, 13.312024624125494, 13.371955319823488, 13.432793783039696, 13.494502648746186, 13.557044017341795, 13.62037947792886, 13.684470131903945, 13.749276616848121, 13.81475913070209, 13.880877456211334, 13.947590985626269, 14.0148587456422, 14.08263942256382, 14.150891387678755, 14.21957272282457, 14.288641246133565, 14.358054537939523, 14.427769966830496, 14.497744715831658, 14.567935808702106, 14.638300136329491, 14.708794483206244, 14.77937555397116, 14.85], "Y": [-5.212086777168207, -5.164928006506124, -5.119086670090816, -5.0745909221971495, -5.031468090682784, -4.989744660204288, -4.949446255951101, -4.910597627907384, -4.873222635651358, -4.837344233701531, -4.802984457418762, -4.770164409472857, -4.738904246881983, -4.70922316863288, -4.681139403889456, -4.6546702007970255, -4.62983181588905, -4.606639504102897, -4.585107509410751, -4.565249056071423, -4.5470763405084345, -4.530600523819367, -4.515831724921076, -4.502779014334976, -4.491450408616219, -4.48185286543018, -4.473992279279292, -4.467873477882821, -4.463500219211846, -4.460875189181225, -4.459999999999999]}