{"X": [1.2534999999999998, 1.2465815217391303, 1.2396630434782607, 1.2327445652173912, 1.2258260869565216, 1.218907608695652, 1.2119891304347825, 1.205070652173913, 1.1981521739130434, 1.1912336956521739, 1.1843152173913043, 1.1773967391304347, 1.1704782608695652, 1.1635597826086956, 1.156641304347826, 1.1497228260869565, 1.142804347826087, 1.1358858695652174, 1.1289673913043479, 1.1220489130434783, 1.1151304347826088, 1.1082119565217392, 1.1012934782608697, 1.094375, 1.0874565217391305, 1.0805380434782608, 1.0736195652173912, 1.0667010869565217, 1.059782608695652, 1.0528641304347826, 1.045945652173913, 1.0390271739130434, 1.032108695652174, 1.0251902173913043, 1.0182717391304348, 1.0113532608695652, 1.0044347826086957, 0.9975163043478261, 0.9905978260869566, 0.983679347826087, 0.9767608695652175, 0.9698423913043479, 0.9629239130434784, 0.9560054347826088, 0.9490869565217391, 0.9421684782608696, 0.93525, 0.9283315217391305, 0.9214130434782609, 0.9144945652173914, 0.9075760869565218, 0.9006576086956523, 0.8937391304347827, 0.8868206521739131, 0.8799021739130436, 0.872983695652174, 0.8660652173913044, 0.8591467391304348, 0.8522282608695653, 0.8453097826086957, 0.8383913043478262, 0.8314728260869566, 0.824554347826087, 0.8176358695652175, 0.810717391304348, 0.8037989130434784, 0.7968804347826088, 0.7899619565217393, 0.7830434782608697, 0.7761250000000001, 0.7692065217391305, 0.762288043478261, 0.7553695652173914, 0.7484510869565218, 0.7415326086956523, 0.7346141304347827, 0.7276956521739132, 0.7207771739130436, 0.7138586956521741, 0.7069402173913045, 0.700021739130435, 0.6931032608695653, 0.6861847826086958, 0.6792663043478262, 0.6723478260869566, 0.6654293478260871, 0.6585108695652175, 0.651592391304348, 0.6446739130434784, 0.6377554347826088, 0.6308369565217392, 0.6239184782608697, 0.617], "Y": [0.49749999999999994, 0.5048804347826086, 0.5122608695652173, 0.5196413043478261, 0.5270217391304347, 0.5344021739130435, 0.5417826086956521, 0.5491630434782607, 0.5565434782608695, 0.5639239130434782, 0.5713043478260869, 0.5786847826086956, 0.5860652173913042, 0.593445652173913, 0.6008260869565217, 0.6082065217391304, 0.6155869565217391, 0.6229673913043478, 0.6303478260869564, 0.6377282608695651, 0.6451086956521738, 0.6524891304347825, 0.6598695652173913, 0.6672499999999999, 0.6746304347826085, 0.6820108695652174, 0.689391304347826, 0.6967717391304348, 0.7041521739130434, 0.7115326086956522, 0.7189130434782608, 0.7262934782608695, 0.7336739130434782, 0.7410543478260868, 0.7484347826086956, 0.7558152173913042, 0.763195652173913, 0.7705760869565217, 0.7779565217391304, 0.7853369565217391, 0.7927173913043478, 0.8000978260869565, 0.8074782608695651, 0.8148586956521738, 0.8222391304347826, 0.8296195652173912, 0.8369999999999999, 0.8443804347826087, 0.8517608695652175, 0.8591413043478261, 0.8665217391304347, 0.8739021739130434, 0.8812826086956521, 0.8886630434782609, 0.8960434782608695, 0.9034239130434781, 0.9108043478260869, 0.9181847826086957, 0.9255652173913043, 0.9329456521739129, 0.9403260869565215, 0.9477065217391304, 0.9550869565217391, 0.9624673913043478, 0.9698478260869564, 0.9772282608695652, 0.9846086956521739, 0.9919891304347825, 0.9993695652173912, 1.00675, 1.0141304347826086, 1.0215108695652173, 1.028891304347826, 1.0362717391304346, 1.0436521739130433, 1.0510326086956523, 1.0584130434782608, 1.0657934782608693, 1.0731739130434783, 1.080554347826087, 1.0879347826086956, 1.0953152173913043, 1.1026956521739129, 1.1100760869565216, 1.1174565217391303, 1.124836956521739, 1.1322173913043476, 1.1395978260869564, 1.1469782608695653, 1.1543586956521739, 1.1617391304347826, 1.1691195652173911, 1.1765]}