{"X": [12.535, 12.465815217391304, 12.396630434782608, 12.327445652173912, 12.258260869565216, 12.189076086956522, 12.119891304347826, 12.05070652173913, 11.981521739130434, 11.912336956521738, 11.843152173913044, 11.773967391304348, 11.704782608695652, 11.635597826086956, 11.56641304347826, 11.497228260869566, 11.42804347826087, 11.358858695652174, 11.289673913043478, 11.220489130434782, 11.151304347826088, 11.082119565217392, 11.012934782608696, 10.94375, 10.874565217391304, 10.80538043478261, 10.736195652173913, 10.667010869565217, 10.597826086956522, 10.528641304347826, 10.459456521739131, 10.390271739130435, 10.32108695652174, 10.251902173913043, 10.182717391304347, 10.113532608695653, 10.044347826086957, 9.975163043478261, 9.905978260869565, 9.83679347826087, 9.767608695652175, 9.698423913043479, 9.629239130434783, 9.560054347826087, 9.490869565217391, 9.421684782608697, 9.352500000000001, 9.283315217391305, 9.214130434782609, 9.144945652173913, 9.075760869565219, 9.006576086956523, 8.937391304347827, 8.86820652173913, 8.799021739130435, 8.72983695652174, 8.660652173913045, 8.591467391304349, 8.522282608695653, 8.453097826086957, 8.383913043478262, 8.314728260869567, 8.24554347826087, 8.176358695652175, 8.107173913043479, 8.037989130434784, 7.968804347826088, 7.899619565217392, 7.830434782608696, 7.761250000000001, 7.692065217391305, 7.62288043478261, 7.553695652173914, 7.484510869565218, 7.415326086956523, 7.346141304347827, 7.276956521739132, 7.207771739130436, 7.13858695652174, 7.069402173913045, 7.000217391304349, 6.931032608695654, 6.861847826086958, 6.792663043478262, 6.723478260869567, 6.654293478260871, 6.585108695652176, 6.51592391304348, 6.446739130434784, 6.377554347826088, 6.308369565217392, 6.239184782608697, 6.17], "Y": [4.975, 5.048804347826087, 5.122608695652174, 5.196413043478261, 5.270217391304348, 5.344021739130435, 5.417826086956521, 5.491630434782608, 5.565434782608695, 5.639239130434782, 5.713043478260869, 5.786847826086956, 5.860652173913043, 5.93445652173913, 6.008260869565217, 6.082065217391303, 6.155869565217391, 6.229673913043477, 6.303478260869564, 6.377282608695651, 6.4510869565217375, 6.524891304347825, 6.598695652173913, 6.672499999999999, 6.746304347826086, 6.8201086956521735, 6.89391304347826, 6.9677173913043475, 7.041521739130434, 7.115326086956522, 7.189130434782608, 7.262934782608696, 7.336739130434782, 7.410543478260868, 7.484347826086956, 7.558152173913042, 7.63195652173913, 7.705760869565216, 7.779565217391304, 7.85336956521739, 7.927173913043478, 8.000978260869564, 8.074782608695651, 8.148586956521738, 8.222391304347827, 8.296195652173912, 8.37, 8.443804347826086, 8.517608695652175, 8.59141304347826, 8.665217391304347, 8.739021739130433, 8.812826086956521, 8.886630434782608, 8.960434782608695, 9.03423913043478, 9.10804347826087, 9.181847826086956, 9.255652173913044, 9.329456521739129, 9.403260869565216, 9.477065217391303, 9.550869565217392, 9.624673913043477, 9.698478260869564, 9.772282608695651, 9.84608695652174, 9.919891304347825, 9.993695652173912, 10.067499999999999, 10.141304347826086, 10.215108695652173, 10.28891304347826, 10.362717391304347, 10.436521739130434, 10.510326086956521, 10.584130434782608, 10.657934782608695, 10.731739130434782, 10.80554347826087, 10.879347826086956, 10.953152173913043, 11.026956521739129, 11.100760869565217, 11.174565217391304, 11.248369565217391, 11.322173913043477, 11.395978260869564, 11.469782608695652, 11.54358695652174, 11.617391304347825, 11.691195652173912, 11.765]}