{"X": [125.35, 124.65815217391304, 123.96630434782608, 123.27445652173913, 122.58260869565217, 121.89076086956521, 121.19891304347826, 120.5070652173913, 119.81521739130434, 119.12336956521739, 118.43152173913043, 117.73967391304348, 117.04782608695652, 116.35597826086956, 115.6641304347826, 114.97228260869565, 114.2804347826087, 113.58858695652174, 112.89673913043478, 112.20489130434783, 111.51304347826087, 110.82119565217391, 110.12934782608696, 109.4375, 108.74565217391304, 108.05380434782609, 107.36195652173913, 106.67010869565217, 105.97826086956522, 105.28641304347826, 104.5945652173913, 103.90271739130435, 103.2108695652174, 102.51902173913044, 101.82717391304348, 101.13532608695652, 100.44347826086957, 99.75163043478261, 99.05978260869566, 98.3679347826087, 97.67608695652174, 96.98423913043479, 96.29239130434783, 95.60054347826087, 94.90869565217392, 94.21684782608696, 93.525, 92.83315217391305, 92.1413043478261, 91.44945652173914, 90.75760869565218, 90.06576086956522, 89.37391304347827, 88.68206521739131, 87.99021739130436, 87.2983695652174, 86.60652173913044, 85.91467391304349, 85.22282608695653, 84.53097826086957, 83.83913043478262, 83.14728260869566, 82.4554347826087, 81.76358695652175, 81.07173913043479, 80.37989130434784, 79.68804347826088, 78.99619565217392, 78.30434782608697, 77.61250000000001, 76.92065217391306, 76.2288043478261, 75.53695652173914, 74.84510869565219, 74.15326086956523, 73.46141304347827, 72.76956521739132, 72.07771739130436, 71.3858695652174, 70.69402173913045, 70.00217391304349, 69.31032608695654, 68.61847826086958, 67.92663043478262, 67.23478260869567, 66.54293478260871, 65.85108695652175, 65.1592391304348, 64.46739130434784, 63.77554347826088, 63.08369565217392, 62.391847826086966, 61.7], "Y": [49.74999999999999, 50.48804347826086, 51.22608695652173, 51.964130434782604, 52.702173913043474, 53.440217391304344, 54.17826086956521, 54.91630434782608, 55.65434782608695, 56.39239130434782, 57.13043478260869, 57.86847826086956, 58.60652173913043, 59.3445652173913, 60.08260869565217, 60.82065217391303, 61.55869565217391, 62.29673913043477, 63.03478260869564, 63.77282608695651, 64.51086956521738, 65.24891304347825, 65.98695652173913, 66.725, 67.46304347826086, 68.20108695652173, 68.9391304347826, 69.67717391304348, 70.41521739130434, 71.15326086956522, 71.89130434782608, 72.62934782608696, 73.36739130434782, 74.10543478260868, 74.84347826086956, 75.58152173913042, 76.3195652173913, 77.05760869565216, 77.79565217391304, 78.5336956521739, 79.27173913043478, 80.00978260869564, 80.74782608695651, 81.48586956521739, 82.22391304347826, 82.96195652173913, 83.69999999999999, 84.43804347826087, 85.17608695652174, 85.9141304347826, 86.65217391304347, 87.39021739130433, 88.12826086956521, 88.86630434782609, 89.60434782608695, 90.34239130434781, 91.08043478260869, 91.81847826086957, 92.55652173913043, 93.2945652173913, 94.03260869565216, 94.77065217391304, 95.50869565217391, 96.24673913043478, 96.98478260869564, 97.72282608695652, 98.4608695652174, 99.19891304347826, 99.93695652173912, 100.675, 101.41304347826086, 102.15108695652174, 102.8891304347826, 103.62717391304346, 104.36521739130434, 105.10326086956522, 105.84130434782608, 106.57934782608694, 107.31739130434782, 108.0554347826087, 108.79347826086956, 109.53152173913043, 110.26956521739129, 111.00760869565217, 111.74565217391304, 112.4836956521739, 113.22173913043477, 113.95978260869563, 114.69782608695652, 115.43586956521739, 116.17391304347825, 116.91195652173911, 117.65]}