{"X": [0.6195062109950067, 0.6124349602597811, 0.6056486302460228, 0.5991559478090417, 0.5929652621891622, 0.5870845342750483, 0.581521326366429, 0.5762827924493883, 0.5713756689967238, 0.5668062663052046, 0.5625804603808697, 0.5587036853828004, 0.5551809266350832, 0.5520167142159523, 0.5492151171323522, 0.5467797380874133, 0.5447137088475703, 0.5430196862152785, 0.541699848612509, 0.5407558932794148, 0.5401890340917719, 0.54], "Y": [1.1779318163450982, 1.185751628299447, 1.1938199472635287, 1.202126397813211, 1.2106602982999535, 1.2194106745868316, 1.228366274160689, 1.2375155806022624, 1.2468468283956775, 1.2563480180582691, 1.2660069315712714, 1.2758111480915317, 1.2857480599240472, 1.2958048887347815, 1.3059687019829165, 1.3162264295514023, 1.3265648805544257, 1.3369707603001795, 1.34743068738712, 1.3579312109117316, 1.3684588277656633, 1.379]}