{"X": [61.950621099500665, 61.243496025978104, 60.564863024602275, 59.91559478090417, 59.29652621891623, 58.70845342750483, 58.1521326366429, 57.628279244938824, 57.13756689967238, 56.68062663052046, 56.258046038086974, 55.87036853828004, 55.51809266350833, 55.201671421595236, 54.92151171323522, 54.67797380874133, 54.471370884757036, 54.30196862152785, 54.169984861250896, 54.07558932794147, 54.018903409177184, 54.00000000000001], "Y": [117.79318163450982, 118.57516282994469, 119.38199472635287, 120.21263978132112, 121.06602982999534, 121.94106745868316, 122.83662741606892, 123.75155806022624, 124.68468283956774, 125.63480180582691, 126.60069315712714, 127.58111480915318, 128.57480599240472, 129.58048887347815, 130.59687019829164, 131.62264295514024, 132.65648805544257, 133.69707603001794, 134.743068738712, 135.79312109117316, 136.84588277656633, 137.9]}