{"X": [6.195062109950067, 6.12434960259781, 6.056486302460227, 5.991559478090418, 5.929652621891623, 5.870845342750483, 5.8152132636642895, 5.762827924493882, 5.713756689967238, 5.668062663052046, 5.625804603808698, 5.587036853828004, 5.5518092663508325, 5.520167142159524, 5.492151171323522, 5.467797380874133, 5.447137088475704, 5.430196862152785, 5.41699848612509, 5.407558932794148, 5.401890340917719, 5.4], "Y": [11.779318163450982, 11.85751628299447, 11.938199472635286, 12.021263978132112, 12.106602982999535, 12.194106745868316, 12.283662741606893, 12.375155806022624, 12.468468283956774, 12.56348018058269, 12.660069315712715, 12.758111480915318, 12.857480599240471, 12.958048887347815, 13.059687019829164, 13.162264295514024, 13.265648805544256, 13.369707603001794, 13.4743068738712, 13.579312109117316, 13.684588277656633, 13.790000000000001]}