{"X": [1.8719999999999999, 1.8822912898118311, 1.8925769232243035, 1.9028512469469834, 1.91310861390558, 1.923343386345744, 1.9335499389317476, 1.9437226618383345, 1.9538559638340478, 1.9639442753543372, 1.9739820515627577, 1.9839637753985757, 1.9938839606091125, 2.0037371547651492, 2.0135179422577467, 2.023220947274822, 2.03284083675586, 2.0423723233231175, 2.0518101681877265, 2.0611491840290856, 2.0703842378459707, 2.07951025377778, 2.0885222158943813, 2.0974151709530156, 2.1061842311207473, 2.1148245766609626, 2.1233314585824394, 2.131700201249536, 2.139926204952059, 2.1480049484333983, 2.1559319913755504, 2.1637029768396427, 2.1713136336606422, 2.178759778794911, 2.186037319619336, 2.1931422561807508, 2.2000706833944337, 2.206818793190458, 2.213382876606717, 2.2197593258274857, 2.225944636166379, 2.2319354079926335, 2.237728348599646, 2.2433202740147435, 2.248708110749188, 2.253888897487459, 2.2588597867148787, 2.263618046282693, 2.26816106090974, 2.2724863336198897, 2.2765914871144513, 2.280474265078811, 2.2841325334225697, 2.2875642814525006, 2.290767622977688, 2.2937407973462327, 2.29648217041296, 2.298990235437593, 2.301263613912903, 2.3033010563223777, 2.305101442826994, 2.306663783880712, 2.3079872207743612, 2.3090710261076133, 2.3099146041887804, 2.3105174913622273, 2.310879356263209, 2.311], "Y": [2.5609999999999995, 2.5608793562632086, 2.5605174913622273, 2.55991460418878, 2.559071026107613, 2.557987220774361, 2.5566637838807114, 2.5551014428269934, 2.5533010563223772, 2.551263613912903, 2.5489902354375924, 2.5464821704129594, 2.5437407973462327, 2.540767622977688, 2.5375642814525, 2.5341325334225693, 2.5304742650788103, 2.526591487114451, 2.5224863336198893, 2.51816106090974, 2.5136180462826925, 2.508859786714878, 2.5038888974874585, 2.498708110749188, 2.4933202740147435, 2.4877283485996458, 2.481935407992633, 2.4759446361663784, 2.4697593258274857, 2.4633828766067167, 2.4568187931904575, 2.4500706833944337, 2.4431422561807508, 2.4360373196193357, 2.428759778794911, 2.421313633660642, 2.4137029768396427, 2.40593199137555, 2.398004948433398, 2.3899262049520584, 2.381700201249536, 2.3733314585824394, 2.364824576660962, 2.3561842311207473, 2.347415170953015, 2.338522215894381, 2.32951025377778, 2.3203842378459707, 2.3111491840290856, 2.301810168187726, 2.2923723233231175, 2.28284083675586, 2.273220947274822, 2.2635179422577463, 2.2537371547651492, 2.2438839606091125, 2.2339637753985757, 2.2239820515627575, 2.2139442753543372, 2.203855963834048, 2.1937226618383345, 2.1835499389317476, 2.173343386345744, 2.16310861390558, 2.1528512469469834, 2.1425769232243037, 2.1322912898118314, 2.122]}