{"X": [187.2, 188.22912898118312, 189.25769232243036, 190.28512469469834, 191.310861390558, 192.3343386345744, 193.35499389317476, 194.37226618383346, 195.3855963834048, 196.39442753543372, 197.39820515627576, 198.39637753985758, 199.38839606091125, 200.37371547651495, 201.35179422577465, 202.3220947274822, 203.284083675586, 204.23723233231175, 205.18101681877263, 206.1149184029086, 207.0384237845971, 207.951025377778, 208.85222158943813, 209.74151709530156, 210.61842311207474, 211.48245766609625, 212.33314585824394, 213.17002012495362, 213.99262049520587, 214.80049484333983, 215.59319913755502, 216.37029768396428, 217.13136336606422, 217.87597787949113, 218.6037319619336, 219.31422561807506, 220.00706833944338, 220.68187931904578, 221.3382876606717, 221.97593258274856, 222.59446361663788, 223.19354079926333, 223.7728348599646, 224.33202740147436, 224.87081107491883, 225.3888897487459, 225.88597867148786, 226.36180462826928, 226.81610609097402, 227.24863336198896, 227.6591487114451, 228.04742650788108, 228.41325334225695, 228.75642814525006, 229.0767622977688, 229.37407973462328, 229.648217041296, 229.89902354375928, 230.1263613912903, 230.33010563223777, 230.5101442826994, 230.66637838807117, 230.79872207743614, 230.9071026107613, 230.99146041887803, 231.05174913622272, 231.08793562632093, 231.1], "Y": [256.09999999999997, 256.08793562632087, 256.0517491362227, 255.991460418878, 255.90710261076129, 255.79872207743608, 255.66637838807114, 255.51014428269934, 255.33010563223775, 255.12636139129026, 254.89902354375926, 254.64821704129596, 254.37407973462325, 254.07676229776877, 253.75642814525003, 253.41325334225692, 253.04742650788106, 252.65914871144508, 252.24863336198894, 251.816106090974, 251.36180462826923, 250.8859786714878, 250.38888974874587, 249.8708110749188, 249.33202740147433, 248.77283485996458, 248.1935407992633, 247.59446361663785, 246.97593258274856, 246.33828766067168, 245.68187931904575, 245.00706833944335, 244.31422561807506, 243.60373196193356, 242.87597787949113, 242.1313633660642, 241.37029768396425, 240.593199137555, 239.8004948433398, 238.99262049520584, 238.1700201249536, 237.33314585824394, 236.48245766609622, 235.6184231120747, 234.74151709530153, 233.8522215894381, 232.951025377778, 232.03842378459706, 231.1149184029086, 230.1810168187726, 229.23723233231175, 228.28408367558598, 227.3220947274822, 226.35179422577463, 225.37371547651495, 224.38839606091125, 223.39637753985758, 222.39820515627574, 221.39442753543372, 220.3855963834048, 219.37226618383346, 218.35499389317476, 217.3343386345744, 216.310861390558, 215.28512469469834, 214.25769232243036, 213.22912898118312, 212.2]}