{"X": [5.37, 5.37, 5.37, 5.37, 5.37, 5.37, 5.37, 5.37, 5.37, 5.37, 5.37, 5.37, 5.37, 5.37, 5.37, 5.37, 5.37, 5.37, 5.37, 5.37, 5.37], "Y": [13.790000000000001, 13.899000000000001, 14.008000000000001, 14.117, 14.225999999999999, 14.334999999999999, 14.443999999999999, 14.553, 14.662, 14.771, 14.88, 14.988999999999999, 15.097999999999999, 15.206999999999999, 15.315999999999999, 15.425, 15.534, 15.642999999999997, 15.751999999999999, 15.860999999999999, 15.969999999999999]}