{"X": [53.7, 53.7, 53.7, 53.7, 53.7, 53.7, 53.7, 53.7, 53.7, 53.7, 53.7, 53.7, 53.7, 53.7, 53.7, 53.7, 53.7, 53.7, 53.7, 53.7, 53.7], "Y": [137.9, 138.99, 140.08, 141.17000000000002, 142.26, 143.35, 144.44, 145.53, 146.62, 147.71, 148.8, 149.89, 150.98, 152.07, 153.16, 154.25, 155.34, 156.42999999999998, 157.51999999999998, 158.60999999999999, 159.7]}