{"X": [0.537, 0.537, 0.537, 0.537, 0.537, 0.537, 0.537, 0.537, 0.537, 0.537, 0.537, 0.537, 0.537, 0.537, 0.537, 0.537, 0.537, 0.537, 0.537, 0.537, 0.537], "Y": [1.379, 1.3899000000000001, 1.4008, 1.4117000000000002, 1.4225999999999999, 1.4335, 1.4444, 1.4553, 1.4662, 1.4771, 1.4880000000000002, 1.4989, 1.5097999999999998, 1.5207, 1.5316, 1.5425, 1.5534000000000001, 1.5642999999999998, 1.5751999999999997, 1.5860999999999998, 1.597]}