{"X": [5.37, 5.368050571646298, 5.362204944117291, 5.352471086386442, 5.338862268004978, 5.321397041012346, 5.300099214645402, 5.274997822880785, 5.246127084854733, 5.213526358214311, 5.177240085463619, 5.137317733378146, 5.093813725569854, 5.046787368294908, 4.996302769605229, 4.942428751954042, 4.885238758374586, 4.824810752359895, 4.761227111580093, 4.694574515582152, 4.624943827625154, 4.5524299708121685, 4.477131798687607, 4.39915196047645, 4.318596761149065], "Y": [15.969999999999999, 16.07557902212217, 16.181014115056033, 16.286161545822818, 16.390877973595355, 16.49502064510553, 16.598447589250775, 16.70101781063427, 16.802591481775032, 16.903030133725842, 17.00219684483921, 17.099956427423958, 17.19617561203803, 17.290723229166275, 17.383470388035548, 17.474290652323315, 17.563060212520277, 17.649658054712035, 17.733966125549678, 17.815869493184444, 17.89525650394701, 17.972018934557862, 18.04605213966125, 18.117255194481547, 18.185531032407603]}