{"X": [53.7, 53.680505716462974, 53.62204944117291, 53.52471086386443, 53.38862268004978, 53.21397041012346, 53.000992146454024, 52.74997822880785, 52.46127084854733, 52.13526358214311, 51.77240085463619, 51.37317733378146, 50.938137255698535, 50.467873682949076, 49.96302769605229, 49.424287519540414, 48.852387583745866, 48.24810752359895, 47.61227111580092, 46.94574515582152, 46.24943827625154, 45.52429970812169, 44.77131798687607, 43.991519604764505, 43.18596761149065], "Y": [159.7, 160.7557902212217, 161.81014115056033, 162.8616154582282, 163.90877973595354, 164.9502064510553, 165.98447589250773, 167.0101781063427, 168.0259148177503, 169.03030133725844, 170.02196844839213, 170.9995642742396, 171.9617561203803, 172.90723229166275, 173.83470388035548, 174.74290652323316, 175.63060212520278, 176.49658054712035, 177.3396612554968, 178.15869493184445, 178.9525650394701, 179.72018934557863, 180.4605213966125, 181.17255194481547, 181.85531032407604]}