{"X": [0.537, 0.5368050571646298, 0.5362204944117291, 0.5352471086386443, 0.5338862268004978, 0.5321397041012346, 0.5300099214645403, 0.5274997822880785, 0.5246127084854733, 0.5213526358214311, 0.5177240085463619, 0.5137317733378146, 0.5093813725569853, 0.5046787368294907, 0.4996302769605229, 0.49424287519540416, 0.48852387583745865, 0.4824810752359895, 0.47612271115800925, 0.4694574515582152, 0.46249438276251537, 0.4552429970812169, 0.4477131798687607, 0.43991519604764506, 0.43185967611490655], "Y": [1.597, 1.607557902212217, 1.6181014115056032, 1.628616154582282, 1.6390877973595355, 1.649502064510553, 1.6598447589250773, 1.6701017810634269, 1.680259148177503, 1.6903030133725843, 1.7002196844839212, 1.709995642742396, 1.719617561203803, 1.7290723229166276, 1.7383470388035547, 1.7474290652323317, 1.7563060212520278, 1.7649658054712034, 1.7733966125549678, 1.7815869493184444, 1.789525650394701, 1.7972018934557863, 1.804605213966125, 1.8117255194481547, 1.8185531032407605]}