{"X": [43.01403238850935, 42.2084803952355, 41.428682013123925, 40.675700291878314, 39.950561723748464, 39.25425484417849, 38.58772888419908, 37.95189247640106, 37.34761241625414, 36.77571248045959, 36.23697230394771, 35.73212631705092, 35.26186274430147, 34.82682266621854, 34.427599145363814, 34.06473641785689, 33.738729151452674, 33.450021771192155, 33.19900785354598, 32.98602958987654, 32.811377319950225, 32.675289136135575, 32.57795055882709, 32.51949428353703, 32.5], "Y": [181.64468967592396, 182.32744805518453, 183.0394786033875, 183.77981065442137, 184.5474349605299, 185.34130506815555, 186.1603387445032, 187.00341945287965, 187.86939787479724, 188.75709347676684, 189.66529611964452, 190.59276770833725, 191.5382438796197, 192.50043572576038, 193.47803155160787, 194.46969866274156, 195.4740851822497, 196.4898218936573, 197.51552410749227, 198.54979354894473, 199.59122026404646, 200.6383845417718, 201.68985884943967, 202.7442097787783, 203.8]}