{"X": [0.4301403238850935, 0.422084803952355, 0.41428682013123924, 0.40675700291878314, 0.3995056172374846, 0.3925425484417849, 0.3858772888419908, 0.3795189247640106, 0.3734761241625414, 0.3677571248045959, 0.3623697230394771, 0.3573212631705092, 0.3526186274430147, 0.3482682266621854, 0.34427599145363813, 0.34064736417856895, 0.33738729151452673, 0.33450021771192157, 0.3319900785354598, 0.32986029589876537, 0.32811377319950225, 0.32675289136135577, 0.3257795055882709, 0.32519494283537026, 0.325], "Y": [1.8164468967592395, 1.8232744805518453, 1.830394786033875, 1.8377981065442137, 1.845474349605299, 1.8534130506815556, 1.8616033874450322, 1.8700341945287966, 1.8786939787479724, 1.8875709347676684, 1.8966529611964453, 1.9059276770833724, 1.915382438796197, 1.9250043572576039, 1.9347803155160788, 1.9446969866274157, 1.954740851822497, 1.9648982189365731, 1.9751552410749227, 1.9854979354894473, 1.9959122026404645, 2.006383845417718, 2.0168985884943966, 2.027442097787783, 2.0380000000000003]}