{"X": [4.301403238850935, 4.22084803952355, 4.1428682013123925, 4.067570029187832, 3.9950561723748463, 3.925425484417849, 3.858772888419908, 3.7951892476401063, 3.7347612416254137, 3.677571248045959, 3.6236972303947708, 3.573212631705092, 3.5261862744301466, 3.482682266621854, 3.4427599145363814, 3.406473641785689, 3.3738729151452675, 3.3450021771192153, 3.319900785354598, 3.2986029589876535, 3.2811377319950226, 3.2675289136135577, 3.257795055882709, 3.251949428353703, 3.25], "Y": [18.164468967592395, 18.232744805518454, 18.30394786033875, 18.377981065442135, 18.45474349605299, 18.534130506815554, 18.61603387445032, 18.700341945287967, 18.786939787479724, 18.875709347676683, 18.966529611964454, 19.059276770833726, 19.15382438796197, 19.25004357257604, 19.347803155160786, 19.446969866274156, 19.54740851822497, 19.648982189365732, 19.751552410749227, 19.854979354894475, 19.959122026404646, 20.06383845417718, 20.168985884943968, 20.27442097787783, 20.380000000000003]}