{"X": [-231.0, -230.9879356263209, -230.95174913622273, -230.89146041887804, -230.80710261076132, -230.69872207743612, -230.56637838807117, -230.41014428269938, -230.23010563223778, -230.0263613912903, -229.7990235437593, -229.548217041296, -229.27407973462329, -228.9767622977688, -228.65642814525006, -228.31325334225696, -227.9474265078811, -227.55914871144512, -227.14863336198897, -226.71610609097402, -226.26180462826926, -225.78597867148784, -225.28888974874587, -224.77081107491884, -224.23202740147437, -223.6728348599646, -223.09354079926334, -222.4944636166379, -221.8759325827486, -221.23828766067172, -220.58187931904575, -219.90706833944338, -219.21422561807506, -218.5037319619336, -217.77597787949114, -217.03136336606423, -216.27029768396426, -215.49319913755502, -214.70049484333984, -213.89262049520588, -213.07002012495363, -212.23314585824394, -211.38245766609626, -210.51842311207471, -209.64151709530154, -208.75222158943814, -207.851025377778, -206.9384237845971, -206.0149184029086, -205.08101681877264, -204.13723233231175, -203.184083675586, -202.22209472748222, -201.25179422577463, -200.27371547651495, -199.28839606091125, -198.2963775398576, -197.29820515627574, -196.29442753543373, -195.2855963834048, -194.27226618383347, -193.25499389317477, -192.2343386345744, -191.210861390558, -190.18512469469835, -189.15769232243036, -188.12912898118313, -187.1], "Y": [212.2, 213.22912898118312, 214.25769232243036, 215.28512469469834, 216.310861390558, 217.3343386345744, 218.35499389317476, 219.37226618383346, 220.3855963834048, 221.39442753543372, 222.39820515627576, 223.39637753985758, 224.38839606091125, 225.37371547651495, 226.35179422577463, 227.32209472748218, 228.284083675586, 229.23723233231175, 230.1810168187726, 231.1149184029086, 232.0384237845971, 232.951025377778, 233.8522215894381, 234.74151709530153, 235.6184231120747, 236.48245766609622, 237.33314585824394, 238.17002012495362, 238.99262049520584, 239.8004948433398, 240.593199137555, 241.37029768396425, 242.1313633660642, 242.87597787949113, 243.60373196193356, 244.31422561807503, 245.00706833944335, 245.68187931904575, 246.33828766067168, 246.97593258274856, 247.59446361663785, 248.1935407992633, 248.77283485996458, 249.33202740147436, 249.8708110749188, 250.38888974874587, 250.8859786714878, 251.36180462826923, 251.81610609097402, 252.24863336198894, 252.65914871144508, 253.04742650788108, 253.41325334225692, 253.75642814525003, 254.07676229776877, 254.37407973462325, 254.64821704129596, 254.89902354375926, 255.12636139129026, 255.33010563223775, 255.51014428269934, 255.66637838807114, 255.79872207743608, 255.90710261076129, 255.991460418878, 256.0517491362227, 256.08793562632087, 256.09999999999997]}