{"X": [-23.1, -23.09879356263209, -23.095174913622273, -23.089146041887805, -23.08071026107613, -23.06987220774361, -23.056637838807116, -23.04101442826994, -23.023010563223778, -23.00263613912903, -22.97990235437593, -22.9548217041296, -22.92740797346233, -22.89767622977688, -22.865642814525007, -22.831325334225696, -22.79474265078811, -22.755914871144512, -22.714863336198896, -22.671610609097403, -22.626180462826927, -22.578597867148783, -22.528888974874587, -22.477081107491884, -22.42320274014744, -22.36728348599646, -22.309354079926333, -22.24944636166379, -22.18759325827486, -22.12382876606717, -22.058187931904577, -21.990706833944337, -21.921422561807507, -21.85037319619336, -21.777597787949112, -21.703136336606423, -21.627029768396426, -21.549319913755504, -21.470049484333984, -21.38926204952059, -21.307002012495364, -21.223314585824394, -21.138245766609625, -21.051842311207473, -20.964151709530153, -20.875222158943814, -20.7851025377778, -20.69384237845971, -20.60149184029086, -20.508101681877264, -20.413723233231174, -20.3184083675586, -20.222209472748222, -20.125179422577464, -20.027371547651494, -19.928839606091124, -19.829637753985757, -19.729820515627573, -19.629442753543373, -19.52855963834048, -19.427226618383347, -19.32549938931748, -19.22343386345744, -19.121086139055798, -19.018512469469833, -18.915769232243036, -18.812912898118313, -18.71], "Y": [21.22, 21.32291289811831, 21.425769232243034, 21.528512469469835, 21.6310861390558, 21.733433863457442, 21.835499389317476, 21.937226618383345, 22.03855963834048, 22.13944275354337, 22.239820515627578, 22.33963775398576, 22.438839606091125, 22.537371547651496, 22.635179422577462, 22.732209472748217, 22.828408367558602, 22.923723233231176, 23.018101681877262, 23.11149184029086, 23.203842378459708, 23.2951025377778, 23.38522215894381, 23.474151709530155, 23.56184231120747, 23.648245766609623, 23.733314585824395, 23.81700201249536, 23.899262049520583, 23.980049484333982, 24.0593199137555, 24.137029768396424, 24.213136336606418, 24.287597787949114, 24.360373196193358, 24.4314225618075, 24.500706833944335, 24.568187931904575, 24.633828766067168, 24.697593258274857, 24.759446361663784, 24.81935407992633, 24.877283485996458, 24.933202740147436, 24.987081107491882, 25.038888974874588, 25.08859786714878, 25.13618046282692, 25.1816106090974, 25.224863336198894, 25.26591487114451, 25.304742650788107, 25.341325334225694, 25.375642814525, 25.407676229776875, 25.437407973462324, 25.464821704129598, 25.489902354375925, 25.512636139129025, 25.533010563223776, 25.551014428269934, 25.566637838807114, 25.57987220774361, 25.59071026107613, 25.5991460418878, 25.60517491362227, 25.608793562632087, 25.609999999999996]}