{"X": [-31.35, -31.35, -31.35, -31.35, -31.35, -31.35, -31.35, -31.35, -31.35, -31.35, -31.35, -31.35, -31.35, -31.35, -31.35, -31.35, -31.35, -31.35, -31.35, -31.35, -31.35, -31.35, -31.35, -31.35, -31.35, -31.35, -31.35, -31.35, -31.35, -31.35, -31.35, -31.35, -31.35, -31.35, -31.35, -31.35, -31.35, -31.35, -31.35, -31.35, -31.35, -31.35, -31.35, -31.35, -31.35, -31.35, -31.35, -31.35, -31.35, -31.35, -31.35, -31.35, -31.35, -31.35, -31.35, -31.35, -31.35, -31.35, -31.35, -31.35, -31.35, -31.35, -31.35, -31.35, -31.35, -31.35, -31.35, -31.35, -31.35, -31.35, -31.35, -31.35, -31.35, -31.35, -31.35, -31.35, -31.35, -31.35, -31.35, -31.35, -31.35, -31.35, -31.35, -31.35, -31.35, -31.35, -31.35, -31.35, -31.35, -31.35, -31.35, -31.35, -31.35, -31.35, -31.35, -31.35, -31.35, -31.35, -31.35, -31.35, -31.35, -31.35, -31.35, -31.35, -31.35, -31.35, -31.35, -31.35, -31.35, -31.35, -31.35, -31.35, -31.35, -31.35, -31.35], "Y": [212.19999999999996, 211.1894736842105, 210.178947368421, 209.16842105263154, 208.15789473684208, 207.1473684210526, 206.13684210526313, 205.12631578947364, 204.11578947368417, 203.1052631578947, 202.09473684210522, 201.08421052631576, 200.07368421052627, 199.0631578947368, 198.05263157894734, 197.04210526315785, 196.0315789473684, 195.02105263157893, 194.01052631578943, 192.99999999999997, 191.9894736842105, 190.97894736842102, 189.96842105263156, 188.95789473684206, 187.9473684210526, 186.93684210526314, 185.92631578947365, 184.91578947368419, 183.9052631578947, 182.89473684210523, 181.88421052631577, 180.87368421052628, 179.86315789473682, 178.85263157894735, 177.84210526315786, 176.8315789473684, 175.82105263157894, 174.81052631578945, 173.79999999999998, 172.7894736842105, 171.77894736842103, 170.76842105263154, 169.75789473684208, 168.7473684210526, 167.73684210526312, 166.72631578947366, 165.7157894736842, 164.7052631578947, 163.69473684210524, 162.68421052631578, 161.6736842105263, 160.66315789473683, 159.65263157894736, 158.64210526315787, 157.6315789473684, 156.62105263157892, 155.61052631578946, 154.59999999999997, 153.5894736842105, 152.57894736842104, 151.56842105263155, 150.5578947368421, 149.54736842105262, 148.53684210526313, 147.52631578947367, 146.5157894736842, 145.50526315789472, 144.49473684210523, 143.4842105263158, 142.4736842105263, 141.4631578947368, 140.45263157894735, 139.44210526315788, 138.4315789473684, 137.42105263157893, 136.41052631578947, 135.39999999999998, 134.38947368421051, 133.37894736842105, 132.36842105263156, 131.3578947368421, 130.34736842105264, 129.33684210526314, 128.32631578947365, 127.3157894736842, 126.30526315789473, 125.29473684210525, 124.28421052631577, 123.27368421052631, 122.26315789473684, 121.25263157894736, 120.24210526315788, 119.23157894736842, 118.22105263157894, 117.21052631578947, 116.19999999999999, 115.18947368421053, 114.17894736842105, 113.16842105263157, 112.1578947368421, 111.14736842105263, 110.13684210526316, 109.12631578947368, 108.1157894736842, 107.10526315789474, 106.09473684210526, 105.08421052631579, 104.07368421052631, 103.06315789473685, 102.05263157894737, 101.0421052631579, 100.03157894736842, 99.02105263157895, 98.01052631578948, 97.0]}