{"X": [-3.1350000000000002, -3.1350000000000002, -3.1350000000000002, -3.1350000000000002, -3.1350000000000002, -3.1350000000000002, -3.1350000000000002, -3.1350000000000002, -3.1350000000000002, -3.1350000000000002, -3.1350000000000002, -3.1350000000000002, -3.1350000000000002, -3.1350000000000002, -3.1350000000000002, -3.1350000000000002, -3.1350000000000002, -3.1350000000000002, -3.1350000000000002, -3.1350000000000002, -3.1350000000000002, -3.1350000000000002, -3.1350000000000002, -3.1350000000000002, -3.1350000000000002, -3.1350000000000002, -3.1350000000000002, -3.1350000000000002, -3.1350000000000002, -3.1350000000000002, -3.1350000000000002, -3.1350000000000002, -3.1350000000000002, -3.1350000000000002, -3.1350000000000002, -3.1350000000000002, -3.1350000000000002, -3.1350000000000002, -3.1350000000000002, -3.1350000000000002, -3.1350000000000002, -3.1350000000000002, -3.1350000000000002, -3.1350000000000002, -3.1350000000000002, -3.1350000000000002, -3.1350000000000002, -3.1350000000000002, -3.1350000000000002, -3.1350000000000002, -3.1350000000000002, -3.1350000000000002, -3.1350000000000002, -3.1350000000000002, -3.1350000000000002, -3.1350000000000002, -3.1350000000000002, -3.1350000000000002, -3.1350000000000002, -3.1350000000000002, -3.1350000000000002, -3.1350000000000002, -3.1350000000000002, -3.1350000000000002, -3.1350000000000002, -3.1350000000000002, -3.1350000000000002, -3.1350000000000002, -3.1350000000000002, -3.1350000000000002, -3.1350000000000002, -3.1350000000000002, -3.1350000000000002, -3.1350000000000002, -3.1350000000000002, -3.1350000000000002, -3.1350000000000002, -3.1350000000000002, -3.1350000000000002, -3.1350000000000002, -3.1350000000000002, -3.1350000000000002, -3.1350000000000002, -3.1350000000000002, -3.1350000000000002, -3.1350000000000002, -3.1350000000000002, -3.1350000000000002, -3.1350000000000002, -3.1350000000000002, -3.1350000000000002, -3.1350000000000002, -3.1350000000000002, -3.1350000000000002, -3.1350000000000002, -3.1350000000000002, -3.1350000000000002, -3.1350000000000002, -3.1350000000000002, -3.1350000000000002, -3.1350000000000002, -3.1350000000000002, -3.1350000000000002, -3.1350000000000002, -3.1350000000000002, -3.1350000000000002, -3.1350000000000002, -3.1350000000000002, -3.1350000000000002, -3.1350000000000002, -3.1350000000000002, -3.1350000000000002, -3.1350000000000002, -3.1350000000000002, -3.1350000000000002], "Y": [21.219999999999995, 21.11894736842105, 21.017894736842102, 20.916842105263154, 20.81578947368421, 20.71473684210526, 20.613684210526312, 20.512631578947364, 20.41157894736842, 20.31052631578947, 20.209473684210522, 20.108421052631577, 20.007368421052625, 19.90631578947368, 19.805263157894736, 19.704210526315784, 19.60315789473684, 19.502105263157894, 19.401052631578942, 19.299999999999997, 19.198947368421052, 19.0978947368421, 18.996842105263156, 18.895789473684207, 18.79473684210526, 18.693684210526314, 18.592631578947366, 18.491578947368417, 18.39052631578947, 18.289473684210524, 18.188421052631575, 18.087368421052627, 17.986315789473682, 17.885263157894734, 17.784210526315785, 17.68315789473684, 17.582105263157892, 17.481052631578944, 17.38, 17.27894736842105, 17.177894736842102, 17.076842105263154, 16.97578947368421, 16.87473684210526, 16.773684210526312, 16.672631578947367, 16.57157894736842, 16.47052631578947, 16.369473684210526, 16.268421052631577, 16.16736842105263, 16.066315789473684, 15.965263157894736, 15.864210526315787, 15.76315789473684, 15.662105263157892, 15.561052631578946, 15.459999999999997, 15.35894736842105, 15.257894736842104, 15.156842105263156, 15.055789473684209, 14.954736842105262, 14.853684210526314, 14.752631578947367, 14.65157894736842, 14.550526315789472, 14.449473684210522, 14.34842105263158, 14.24736842105263, 14.14631578947368, 14.045263157894734, 13.94421052631579, 13.843157894736839, 13.742105263157892, 13.641052631578948, 13.539999999999997, 13.43894736842105, 13.337894736842106, 13.236842105263156, 13.13578947368421, 13.034736842105264, 12.933684210526314, 12.832631578947366, 12.73157894736842, 12.630526315789472, 12.529473684210526, 12.428421052631577, 12.32736842105263, 12.226315789473684, 12.125263157894736, 12.024210526315787, 11.923157894736843, 11.822105263157894, 11.721052631578946, 11.62, 11.518947368421053, 11.417894736842104, 11.316842105263158, 11.21578947368421, 11.114736842105263, 11.013684210526316, 10.912631578947368, 10.811578947368421, 10.710526315789474, 10.609473684210526, 10.50842105263158, 10.407368421052631, 10.306315789473684, 10.205263157894738, 10.10421052631579, 10.003157894736841, 9.902105263157896, 9.801052631578948, 9.7]}