{"X": [-0.10200000000000004, -0.10200000000000004, -0.10200000000000004, -0.10200000000000004, -0.10200000000000004, -0.10200000000000004, -0.10200000000000004, -0.10200000000000004, -0.10200000000000004, -0.10200000000000004, -0.10200000000000004, -0.10200000000000004, -0.10200000000000004, -0.10200000000000004, -0.10200000000000004, -0.10200000000000004, -0.10200000000000001, -0.10200000000000001, -0.10200000000000001, -0.10200000000000001, -0.10200000000000001, -0.10200000000000001, -0.10200000000000001, -0.10200000000000001, -0.10200000000000001, -0.10200000000000001, -0.10200000000000001, -0.10200000000000001, -0.10200000000000001, -0.10200000000000001, -0.10200000000000001, -0.10200000000000001, -0.10200000000000001, -0.10200000000000001, -0.10200000000000001, -0.10200000000000001, -0.10200000000000001, -0.10200000000000001, -0.10200000000000001, -0.10200000000000001, -0.10200000000000001, -0.10200000000000001, -0.10200000000000001, -0.10200000000000001, -0.10200000000000001, -0.10200000000000001, -0.10200000000000001, -0.10200000000000001, -0.102, -0.102, -0.102, -0.102, -0.102, -0.102, -0.102, -0.102, -0.102, -0.102, -0.102, -0.102, -0.102, -0.102, -0.102, -0.102, -0.102, -0.102, -0.102, -0.102, -0.102, -0.102, -0.102, -0.102, -0.102, -0.102, -0.102, -0.102, -0.102, -0.102, -0.102, -0.10199999999999998, -0.10199999999999998, -0.10199999999999998, -0.10199999999999998, -0.10199999999999998, -0.10199999999999998, -0.10199999999999998, -0.10199999999999998, -0.10199999999999998, -0.10199999999999998, -0.10199999999999998, -0.10199999999999998, -0.10199999999999998, -0.10199999999999998, -0.10199999999999998, -0.10199999999999998, -0.10199999999999998, -0.10199999999999998, -0.10199999999999998, -0.10199999999999998, -0.10199999999999998, -0.10199999999999998, -0.10199999999999998, -0.10199999999999998, -0.10199999999999998, -0.10199999999999998, -0.10199999999999998, -0.10199999999999998, -0.10199999999999998, -0.10199999999999998, -0.10199999999999998, -0.10199999999999998, -0.10199999999999995, -0.10199999999999995, -0.10199999999999995, -0.10199999999999995, -0.10199999999999995, -0.10199999999999995, -0.10199999999999995, -0.10199999999999995, -0.10199999999999995, -0.10199999999999995, -0.10199999999999995, -0.10199999999999995, -0.10199999999999995, -0.10199999999999995, -0.10199999999999995, -0.10199999999999995], "Y": [2.1219999999999994, 2.1118730158730155, 2.1017460317460315, 2.0916190476190475, 2.081492063492063, 2.071365079365079, 2.0612380952380946, 2.0511111111111107, 2.0409841269841267, 2.0308571428571427, 2.0207301587301583, 2.0106031746031743, 2.0004761904761903, 1.990349206349206, 1.9802222222222219, 1.970095238095238, 1.9599682539682535, 1.9498412698412695, 1.9397142857142853, 1.9295873015873013, 1.919460317460317, 1.909333333333333, 1.899206349206349, 1.889079365079365, 1.8789523809523805, 1.8688253968253965, 1.8586984126984123, 1.8485714285714283, 1.838444444444444, 1.8283174603174601, 1.818190476190476, 1.808063492063492, 1.7979365079365075, 1.7878095238095235, 1.7776825396825393, 1.7675555555555553, 1.7574285714285711, 1.7473015873015871, 1.7371746031746027, 1.7270476190476187, 1.7169206349206345, 1.7067936507936505, 1.6966666666666663, 1.6865396825396823, 1.6764126984126981, 1.6662857142857141, 1.6561587301587297, 1.6460317460317457, 1.6359047619047618, 1.6257777777777775, 1.6156507936507933, 1.6055238095238094, 1.5953968253968254, 1.585269841269841, 1.5751428571428567, 1.5650158730158727, 1.5548888888888888, 1.5447619047619046, 1.5346349206349204, 1.5245079365079364, 1.5143809523809524, 1.504253968253968, 1.4941269841269837, 1.4839999999999998, 1.4738730158730158, 1.4637460317460316, 1.4536190476190471, 1.4434920634920632, 1.4333650793650792, 1.423238095238095, 1.4131111111111108, 1.4029841269841268, 1.3928571428571428, 1.3827301587301586, 1.3726031746031742, 1.3624761904761902, 1.3523492063492062, 1.342222222222222, 1.3320952380952378, 1.3219682539682538, 1.3118412698412698, 1.3017142857142856, 1.2915873015873012, 1.2814603174603172, 1.2713333333333332, 1.261206349206349, 1.2510793650793648, 1.2409523809523808, 1.2308253968253966, 1.2206984126984124, 1.2105714285714284, 1.2004444444444442, 1.19031746031746, 1.180190476190476, 1.1700634920634918, 1.1599365079365078, 1.1498095238095238, 1.1396825396825396, 1.1295555555555554, 1.1194285714285714, 1.1093015873015872, 1.099174603174603, 1.089047619047619, 1.0789206349206348, 1.0687936507936506, 1.0586666666666666, 1.0485396825396824, 1.0384126984126985, 1.0282857142857142, 1.01815873015873, 1.008031746031746, 0.9979047619047619, 0.9877777777777778, 0.9776507936507935, 0.9675238095238095, 0.9573968253968254, 0.9472698412698413, 0.937142857142857, 0.927015873015873, 0.9168888888888889, 0.9067619047619047, 0.8966349206349206, 0.8865079365079365, 0.8763809523809524, 0.8662539682539682, 0.8561269841269841, 0.846]}