{"X": [0.31449999999999995, 0.3146206437367908, 0.31498250863777266, 0.31558539581121947, 0.31642897389238667, 0.3175127792256387, 0.31883621611928814, 0.320398557173006, 0.32219894367762203, 0.32423638608709704, 0.32650976456240705, 0.3290178295870399, 0.3317592026537671, 0.334732377022312, 0.3379357185474994, 0.34136746657743033, 0.345025734921189, 0.34890851288554886, 0.3530136663801102, 0.35733893909025966, 0.3618819537173073, 0.3666402132851216, 0.3716111025125411, 0.37679188925081164, 0.3821797259852562, 0.3877716514003538, 0.3935645920073666, 0.3995553638336211, 0.4057406741725142, 0.41211712339328277, 0.41868120680954235, 0.4254293166055661, 0.43235774381924935, 0.43946268038066405, 0.4467402212050885, 0.45418636633935777, 0.4617970231603573, 0.4695680086244497, 0.47749505156660166, 0.4855737950479413, 0.4937997987504636, 0.5021685414175604, 0.5106754233390375, 0.5193157688792527, 0.5280848290469844, 0.5369777841056187, 0.5459897462222197, 0.5551157621540291, 0.564350815970914, 0.5736898318122736, 0.5831276766768824, 0.5926591632441399, 0.6022790527251778, 0.6119820577422534, 0.6217628452348505, 0.6316160393908873, 0.641536224601424, 0.6515179484372423, 0.6615557246456626, 0.6716440361659519, 0.6817773381616652, 0.6919500610682522, 0.7021566136542559, 0.71239138609442, 0.7226487530530165, 0.7329230767756963, 0.7432087101881686, 0.7535], "Y": [2.1219999999999994, 2.132291289811831, 2.1425769232243033, 2.1528512469469834, 2.1631086139055795, 2.173343386345744, 2.183549938931747, 2.1937226618383345, 2.2038559638340476, 2.213944275354337, 2.2239820515627575, 2.2339637753985757, 2.2438839606091125, 2.2537371547651492, 2.2635179422577463, 2.273220947274822, 2.28284083675586, 2.292372323323117, 2.301810168187726, 2.3111491840290856, 2.3203842378459707, 2.32951025377778, 2.338522215894381, 2.347415170953015, 2.3561842311207473, 2.364824576660962, 2.373331458582439, 2.381700201249536, 2.3899262049520584, 2.398004948433398, 2.40593199137555, 2.4137029768396423, 2.421313633660642, 2.428759778794911, 2.4360373196193357, 2.4431422561807503, 2.4500706833944337, 2.456818793190457, 2.4633828766067167, 2.4697593258274857, 2.4759446361663784, 2.481935407992633, 2.4877283485996458, 2.4933202740147435, 2.498708110749188, 2.5038888974874585, 2.508859786714878, 2.5136180462826925, 2.51816106090974, 2.5224863336198893, 2.526591487114451, 2.530474265078811, 2.5341325334225693, 2.5375642814525, 2.540767622977688, 2.5437407973462327, 2.5464821704129594, 2.5489902354375924, 2.551263613912903, 2.5533010563223772, 2.5551014428269934, 2.5566637838807114, 2.557987220774361, 2.559071026107613, 2.55991460418878, 2.5605174913622273, 2.5608793562632086, 2.5609999999999995]}