{"X": [3.1449999999999996, 3.1462064373679075, 3.1498250863777266, 3.155853958112195, 3.164289738923867, 3.1751277922563874, 3.188362161192882, 3.2039855717300605, 3.2219894367762203, 3.24236386087097, 3.2650976456240706, 3.290178295870399, 3.317592026537671, 3.34732377022312, 3.3793571854749933, 3.413674665774303, 3.4502573492118898, 3.4890851288554883, 3.5301366638011027, 3.5733893909025967, 3.618819537173073, 3.6664021328512155, 3.716111025125411, 3.767918892508116, 3.821797259852562, 3.877716514003538, 3.9356459200736658, 3.9955536383362107, 4.057406741725142, 4.121171233932828, 4.186812068095423, 4.254293166055661, 4.323577438192493, 4.3946268038066405, 4.467402212050885, 4.541863663393578, 4.617970231603573, 4.695680086244497, 4.774950515666016, 4.855737950479413, 4.937997987504636, 5.021685414175605, 5.106754233390374, 5.193157688792526, 5.2808482904698435, 5.3697778410561865, 5.459897462222197, 5.551157621540291, 5.64350815970914, 5.736898318122736, 5.8312767667688234, 5.926591632441399, 6.022790527251778, 6.119820577422535, 6.217628452348505, 6.316160393908873, 6.41536224601424, 6.515179484372423, 6.615557246456627, 6.71644036165952, 6.817773381616652, 6.919500610682522, 7.021566136542559, 7.123913860944199, 7.226487530530164, 7.329230767756964, 7.432087101881686, 7.534999999999999], "Y": [21.219999999999995, 21.32291289811831, 21.425769232243034, 21.528512469469835, 21.631086139055796, 21.73343386345744, 21.835499389317473, 21.93722661838334, 22.038559638340477, 22.13944275354337, 22.239820515627574, 22.339637753985755, 22.438839606091125, 22.537371547651492, 22.635179422577462, 22.732209472748217, 22.8284083675586, 22.923723233231172, 23.018101681877262, 23.111491840290856, 23.203842378459704, 23.2951025377778, 23.38522215894381, 23.474151709530155, 23.56184231120747, 23.648245766609623, 23.73331458582439, 23.817002012495358, 23.899262049520583, 23.980049484333982, 24.0593199137555, 24.137029768396424, 24.213136336606418, 24.287597787949114, 24.360373196193358, 24.4314225618075, 24.500706833944335, 24.56818793190457, 24.633828766067168, 24.697593258274857, 24.759446361663784, 24.81935407992633, 24.877283485996458, 24.933202740147436, 24.987081107491882, 25.038888974874588, 25.08859786714878, 25.13618046282692, 25.181610609097397, 25.224863336198894, 25.26591487114451, 25.304742650788107, 25.341325334225694, 25.375642814525, 25.407676229776875, 25.437407973462324, 25.464821704129598, 25.489902354375925, 25.512636139129025, 25.533010563223776, 25.551014428269934, 25.566637838807114, 25.57987220774361, 25.59071026107613, 25.5991460418878, 25.60517491362227, 25.608793562632087, 25.609999999999996]}