{"X": [31.449999999999996, 31.462064373679077, 31.498250863777265, 31.55853958112195, 31.64289738923867, 31.751277922563872, 31.883621611928817, 32.039855717300604, 32.2198943677622, 32.4236386087097, 32.650976456240706, 32.90178295870399, 33.17592026537671, 33.4732377022312, 33.793571854749935, 34.13674665774303, 34.5025734921189, 34.890851288554884, 35.301366638011025, 35.733893909025966, 36.18819537173073, 36.664021328512156, 37.16111025125411, 37.679188925081164, 38.21797259852562, 38.77716514003538, 39.35645920073666, 39.95553638336211, 40.57406741725142, 41.21171233932828, 41.868120680954235, 42.54293166055661, 43.235774381924934, 43.94626803806641, 44.67402212050885, 45.418636633935776, 46.17970231603573, 46.95680086244497, 47.74950515666016, 48.55737950479413, 49.37997987504636, 50.216854141756045, 51.067542333903745, 51.93157688792527, 52.80848290469844, 53.69777841056187, 54.598974622221974, 55.51157621540291, 56.4350815970914, 57.368983181227364, 58.312767667688234, 59.26591632441399, 60.22790527251778, 61.19820577422535, 62.176284523485045, 63.16160393908873, 64.1536224601424, 65.15179484372423, 66.15557246456626, 67.1644036165952, 68.17773381616652, 69.19500610682522, 70.21566136542559, 71.239138609442, 72.26487530530164, 73.29230767756964, 74.32087101881686, 75.35], "Y": [212.19999999999996, 213.2291289811831, 214.25769232243033, 215.28512469469834, 216.31086139055796, 217.33433863457438, 218.35499389317474, 219.37226618383343, 220.38559638340476, 221.3944275354337, 222.39820515627574, 223.39637753985755, 224.38839606091125, 225.37371547651492, 226.35179422577463, 227.32209472748218, 228.28408367558598, 229.23723233231172, 230.1810168187726, 231.11491840290856, 232.03842378459706, 232.951025377778, 233.8522215894381, 234.74151709530153, 235.6184231120747, 236.48245766609622, 237.3331458582439, 238.1700201249536, 238.99262049520584, 239.8004948433398, 240.593199137555, 241.37029768396422, 242.1313633660642, 242.87597787949113, 243.60373196193356, 244.31422561807503, 245.00706833944335, 245.68187931904572, 246.33828766067168, 246.97593258274856, 247.59446361663785, 248.1935407992633, 248.77283485996458, 249.33202740147436, 249.8708110749188, 250.38888974874587, 250.8859786714878, 251.36180462826923, 251.816106090974, 252.24863336198894, 252.65914871144508, 253.04742650788108, 253.41325334225692, 253.75642814525003, 254.07676229776877, 254.37407973462325, 254.64821704129596, 254.89902354375926, 255.12636139129026, 255.33010563223775, 255.51014428269934, 255.66637838807114, 255.79872207743608, 255.90710261076129, 255.991460418878, 256.0517491362227, 256.08793562632087, 256.09999999999997]}