{"X": [2.311, 2.311, 2.311, 2.311, 2.311, 2.311, 2.311, 2.311, 2.311, 2.311, 2.311, 2.311, 2.311, 2.311, 2.311, 2.311, 2.311, 2.311, 2.311, 2.311, 2.311, 2.311, 2.311, 2.311, 2.311, 2.311, 2.311, 2.311, 2.311, 2.311, 2.311, 2.311, 2.311, 2.311, 2.311, 2.311, 2.311, 2.311, 2.311, 2.311, 2.311, 2.311, 2.311, 2.311, 2.311, 2.311, 2.311, 2.311, 2.311, 2.311, 2.311, 2.311, 2.311, 2.311, 2.311, 2.311, 2.311, 2.311, 2.311, 2.311, 2.311, 2.311, 2.311, 2.311, 2.311, 2.311, 2.311, 2.311, 2.311, 2.311, 2.311, 2.311, 2.311, 2.311, 2.311, 2.311, 2.311, 2.311, 2.311, 2.311, 2.311, 2.311, 2.311, 2.311, 2.311, 2.311, 2.311, 2.311, 2.311, 2.311, 2.311, 2.311, 2.311, 2.311, 2.311, 2.311, 2.311, 2.311, 2.311, 2.311, 2.311, 2.311, 2.311, 2.311, 2.311, 2.311, 2.311, 2.311, 2.311, 2.311, 2.311, 2.311, 2.311, 2.311, 2.311, 2.311, 2.311, 2.311, 2.311, 2.311, 2.311, 2.311, 2.311, 2.311, 2.311, 2.311, 2.311], "Y": [2.122, 2.111873015873016, 2.1017460317460315, 2.0916190476190475, 2.0814920634920635, 2.0713650793650795, 2.061238095238095, 2.0511111111111107, 2.0409841269841267, 2.0308571428571427, 2.0207301587301587, 2.0106031746031743, 2.0004761904761903, 1.9903492063492063, 1.980222222222222, 1.970095238095238, 1.959968253968254, 1.94984126984127, 1.9397142857142855, 1.9295873015873013, 1.9194603174603173, 1.9093333333333333, 1.8992063492063491, 1.889079365079365, 1.878952380952381, 1.868825396825397, 1.8586984126984125, 1.8485714285714283, 1.8384444444444443, 1.8283174603174603, 1.8181904761904761, 1.808063492063492, 1.797936507936508, 1.787809523809524, 1.7776825396825395, 1.7675555555555553, 1.7574285714285713, 1.7473015873015874, 1.7371746031746031, 1.7270476190476187, 1.7169206349206347, 1.7067936507936508, 1.6966666666666665, 1.6865396825396823, 1.6764126984126984, 1.6662857142857144, 1.6561587301587302, 1.6460317460317457, 1.6359047619047618, 1.6257777777777778, 1.6156507936507936, 1.6055238095238094, 1.5953968253968254, 1.5852698412698414, 1.575142857142857, 1.5650158730158727, 1.5548888888888888, 1.5447619047619048, 1.5346349206349206, 1.5245079365079364, 1.5143809523809524, 1.5042539682539684, 1.494126984126984, 1.4839999999999998, 1.4738730158730158, 1.4637460317460318, 1.4536190476190476, 1.4434920634920632, 1.4333650793650792, 1.4232380952380952, 1.413111111111111, 1.4029841269841268, 1.3928571428571428, 1.3827301587301588, 1.3726031746031746, 1.3624761904761902, 1.3523492063492062, 1.3422222222222222, 1.332095238095238, 1.3219682539682538, 1.3118412698412698, 1.3017142857142858, 1.2915873015873016, 1.2814603174603172, 1.2713333333333332, 1.2612063492063492, 1.251079365079365, 1.2409523809523808, 1.2308253968253968, 1.2206984126984126, 1.2105714285714284, 1.2004444444444444, 1.1903174603174602, 1.180190476190476, 1.170063492063492, 1.1599365079365078, 1.1498095238095238, 1.1396825396825396, 1.1295555555555554, 1.1194285714285714, 1.1093015873015872, 1.099174603174603, 1.089047619047619, 1.0789206349206348, 1.0687936507936506, 1.0586666666666666, 1.0485396825396824, 1.0384126984126985, 1.0282857142857142, 1.01815873015873, 1.008031746031746, 0.9979047619047619, 0.9877777777777778, 0.9776507936507935, 0.9675238095238095, 0.9573968253968254, 0.9472698412698413, 0.937142857142857, 0.927015873015873, 0.9168888888888889, 0.9067619047619047, 0.8966349206349206, 0.8865079365079365, 0.8763809523809524, 0.8662539682539682, 0.8561269841269841, 0.846]}