{"X": [231.1, 231.1, 231.1, 231.1, 231.1, 231.1, 231.1, 231.1, 231.1, 231.1, 231.1, 231.1, 231.1, 231.1, 231.1, 231.1, 231.1, 231.1, 231.1, 231.1, 231.1, 231.1, 231.1, 231.1, 231.1, 231.1, 231.1, 231.1, 231.1, 231.1, 231.1, 231.1, 231.1, 231.1, 231.1, 231.1, 231.1, 231.1, 231.1, 231.1, 231.1, 231.1, 231.1, 231.1, 231.1, 231.1, 231.1, 231.1, 231.1, 231.1, 231.1, 231.1, 231.1, 231.1, 231.1, 231.1, 231.1, 231.1, 231.1, 231.1, 231.1, 231.1, 231.1, 231.1, 231.1, 231.1, 231.1, 231.1, 231.1, 231.1, 231.1, 231.1, 231.1, 231.1, 231.1, 231.1, 231.1, 231.1, 231.1, 231.1, 231.1, 231.1, 231.1, 231.1, 231.1, 231.1, 231.1, 231.1, 231.1, 231.1, 231.1, 231.1, 231.1, 231.1, 231.1, 231.1, 231.1, 231.1, 231.1, 231.1, 231.1, 231.1, 231.1, 231.1, 231.1, 231.1, 231.1, 231.1, 231.1, 231.1, 231.1, 231.1, 231.1, 231.1, 231.1, 231.1, 231.1, 231.1, 231.1, 231.1, 231.1, 231.1, 231.1, 231.1, 231.1, 231.1, 231.1], "Y": [212.2, 211.1873015873016, 210.17460317460316, 209.16190476190474, 208.14920634920634, 207.13650793650794, 206.1238095238095, 205.1111111111111, 204.0984126984127, 203.0857142857143, 202.07301587301586, 201.06031746031744, 200.04761904761904, 199.03492063492064, 198.0222222222222, 197.00952380952378, 195.9968253968254, 194.984126984127, 193.97142857142856, 192.95873015873013, 191.94603174603174, 190.93333333333334, 189.9206349206349, 188.90793650793648, 187.89523809523808, 186.8825396825397, 185.86984126984126, 184.85714285714283, 183.84444444444443, 182.83174603174604, 181.8190476190476, 180.80634920634918, 179.79365079365078, 178.78095238095239, 177.76825396825396, 176.75555555555553, 175.74285714285713, 174.73015873015873, 173.7174603174603, 172.70476190476188, 171.69206349206348, 170.67936507936508, 169.66666666666666, 168.65396825396823, 167.64126984126983, 166.62857142857143, 165.615873015873, 164.60317460317458, 163.59047619047618, 162.57777777777778, 161.56507936507936, 160.55238095238093, 159.53968253968253, 158.52698412698413, 157.5142857142857, 156.50158730158728, 155.48888888888888, 154.47619047619048, 153.46349206349205, 152.45079365079363, 151.43809523809523, 150.42539682539683, 149.4126984126984, 148.39999999999998, 147.38730158730158, 146.37460317460318, 145.36190476190475, 144.34920634920633, 143.33650793650793, 142.32380952380953, 141.3111111111111, 140.29841269841268, 139.28571428571428, 138.27301587301588, 137.26031746031745, 136.24761904761903, 135.23492063492063, 134.22222222222223, 133.2095238095238, 132.19682539682537, 131.18412698412698, 130.17142857142858, 129.15873015873015, 128.14603174603172, 127.13333333333333, 126.12063492063491, 125.1079365079365, 124.09523809523809, 123.08253968253968, 122.06984126984126, 121.05714285714285, 120.04444444444444, 119.03174603174602, 118.01904761904761, 117.0063492063492, 115.99365079365079, 114.98095238095237, 113.96825396825396, 112.95555555555555, 111.94285714285714, 110.93015873015872, 109.91746031746031, 108.9047619047619, 107.89206349206349, 106.87936507936507, 105.86666666666666, 104.85396825396825, 103.84126984126983, 102.82857142857142, 101.81587301587301, 100.8031746031746, 99.79047619047618, 98.77777777777777, 97.76507936507936, 96.75238095238095, 95.73968253968253, 94.72698412698412, 93.71428571428571, 92.7015873015873, 91.68888888888888, 90.67619047619047, 89.66349206349206, 88.65079365079364, 87.63809523809523, 86.62539682539682, 85.6126984126984, 84.6]}