{"X": [23.11, 23.11, 23.11, 23.11, 23.11, 23.11, 23.11, 23.11, 23.11, 23.11, 23.11, 23.11, 23.11, 23.11, 23.11, 23.11, 23.11, 23.11, 23.11, 23.11, 23.11, 23.11, 23.11, 23.11, 23.11, 23.11, 23.11, 23.11, 23.11, 23.11, 23.11, 23.11, 23.11, 23.11, 23.11, 23.11, 23.11, 23.11, 23.11, 23.11, 23.11, 23.11, 23.11, 23.11, 23.11, 23.11, 23.11, 23.11, 23.11, 23.11, 23.11, 23.11, 23.11, 23.11, 23.11, 23.11, 23.11, 23.11, 23.11, 23.11, 23.11, 23.11, 23.11, 23.11, 23.11, 23.11, 23.11, 23.11, 23.11, 23.11, 23.11, 23.11, 23.11, 23.11, 23.11, 23.11, 23.11, 23.11, 23.11, 23.11, 23.11, 23.11, 23.11, 23.11, 23.11, 23.11, 23.11, 23.11, 23.11, 23.11, 23.11, 23.11, 23.11, 23.11, 23.11, 23.11, 23.11, 23.11, 23.11, 23.11, 23.11, 23.11, 23.11, 23.11, 23.11, 23.11, 23.11, 23.11, 23.11, 23.11, 23.11, 23.11, 23.11, 23.11, 23.11, 23.11, 23.11, 23.11, 23.11, 23.11, 23.11, 23.11, 23.11, 23.11, 23.11, 23.11, 23.11], "Y": [21.22, 21.11873015873016, 21.017460317460316, 20.916190476190472, 20.814920634920632, 20.713650793650793, 20.612380952380953, 20.51111111111111, 20.40984126984127, 20.30857142857143, 20.207301587301586, 20.106031746031743, 20.004761904761903, 19.903492063492063, 19.80222222222222, 19.70095238095238, 19.59968253968254, 19.4984126984127, 19.397142857142857, 19.295873015873013, 19.194603174603174, 19.093333333333334, 18.99206349206349, 18.890793650793647, 18.789523809523807, 18.688253968253967, 18.586984126984127, 18.485714285714284, 18.384444444444444, 18.283174603174604, 18.18190476190476, 18.080634920634918, 17.979365079365078, 17.878095238095238, 17.776825396825394, 17.675555555555555, 17.574285714285715, 17.473015873015875, 17.37174603174603, 17.270476190476188, 17.16920634920635, 17.06793650793651, 16.966666666666665, 16.86539682539682, 16.76412698412698, 16.662857142857142, 16.561587301587302, 16.46031746031746, 16.35904761904762, 16.25777777777778, 16.156507936507936, 16.055238095238092, 15.953968253968252, 15.852698412698413, 15.751428571428571, 15.650158730158727, 15.548888888888888, 15.447619047619048, 15.346349206349206, 15.245079365079363, 15.143809523809523, 15.042539682539683, 14.94126984126984, 14.839999999999998, 14.738730158730158, 14.637460317460318, 14.536190476190475, 14.434920634920633, 14.333650793650794, 14.232380952380954, 14.13111111111111, 14.029841269841267, 13.928571428571427, 13.827301587301587, 13.726031746031746, 13.624761904761902, 13.523492063492062, 13.422222222222222, 13.32095238095238, 13.219682539682537, 13.118412698412698, 13.017142857142858, 12.915873015873014, 12.814603174603173, 12.713333333333333, 12.612063492063491, 12.51079365079365, 12.409523809523808, 12.308253968253968, 12.206984126984127, 12.105714285714285, 12.004444444444443, 11.903174603174602, 11.801904761904762, 11.70063492063492, 11.599365079365079, 11.498095238095237, 11.396825396825395, 11.295555555555556, 11.194285714285714, 11.093015873015872, 10.99174603174603, 10.890476190476189, 10.78920634920635, 10.687936507936508, 10.586666666666666, 10.485396825396824, 10.384126984126983, 10.282857142857143, 10.181587301587301, 10.08031746031746, 9.979047619047618, 9.877777777777776, 9.776507936507937, 9.675238095238095, 9.573968253968253, 9.472698412698412, 9.37142857142857, 9.27015873015873, 9.168888888888889, 9.067619047619047, 8.966349206349205, 8.865079365079364, 8.763809523809524, 8.662539682539682, 8.56126984126984, 8.459999999999999]}