{"X": [0.0, -187.1, -75.25, 75.35, 187.2, -231.0, -31.35, -10.200000000000003, 31.449999999999996, 231.1, 32.5, -31.349999999999994, -10.199999999999996, 31.349999999999994, -231.0, 91.0, 146.6, 187.2, 231.1, 91.0, 187.2, 91.0, 187.2, -187.1, -75.25, -187.1, -75.25, -187.1, -75.25, 91.0, 148.5, 187.2, 231.1, -187.1, -231.0, -231.0, 10.300000000000004, 31.450000000000003, 52.6, 231.1, -187.1, -75.25, 96.5, 187.2, -75.25, 52.6, 66.85, 128.35, 125.35, 61.7, 53.7, 53.7, 43.1, 0.0, 0.0, 0.0, 0.0, 0.0, 0.0, 0.0, 0.0, 0.0, 0.0, 0.0, 0.0, 0.0, 0.0, 0.0, 0.0, 0.0, 0.0, 0.0, 0.0, 0.0, 0.0, 0.0, 0.0, 0.0, 0.0, 0.0, 0.0, 0.0, 0.0, 0.0, 0.0, 0.0, 0.0, 0.0, 0.0, 0.0, 0.0, 0.0, 0.0, 0.0, 0.0, 0.0, 0.0, 0.0, 0.0, 0.0], "Y": [0.0, 256.09999999999997, 256.09999999999997, 256.09999999999997, 256.09999999999997, 212.2, 212.19999999999996, 212.19999999999996, 212.19999999999996, 212.2, 203.8, 84.6, 84.6, 84.6, 84.6, 40.699999999999996, 40.699999999999996, 40.69999999999999, 84.6, 19.549999999999997, 19.54999999999999, -1.6000000000000014, -1.6000000000000085, -2.2999999999999545, -2.2999999999999545, -23.449999999999953, -23.449999999999953, -44.59999999999995, -44.59999999999995, -44.599999999999966, -44.599999999999994, -44.599999999999966, -88.49999999999997, 40.699999999999996, -88.49999999999994, -212.2, -212.19999999999996, -212.19999999999996, -212.19999999999996, -212.2, -256.09999999999997, -256.09999999999997, -256.09999999999997, -256.09999999999997, 40.699999999999996, -140.3, -109.50000000000001, -52.949999999999996, 49.74999999999999, 117.65, 137.9, 159.7, 181.75, 0.0, 0.0, 0.0, 0.0, 0.0, 0.0, 0.0, 0.0, 0.0, 0.0, 0.0, 0.0, 0.0, 0.0, 0.0, 0.0, 0.0, 0.0, 0.0, 0.0, 0.0, 0.0, 0.0, 0.0, 0.0, 0.0, 0.0, 0.0, 0.0, 0.0, 0.0, 0.0, 0.0, 0.0, 0.0, 0.0, 0.0, 0.0, 0.0, 0.0, 0.0, 0.0, 0.0, 0.0, 0.0, 0.0, 0.0]}